Workbook
Name bk_bu: _book!$B$2:$B$379
Name bk_cylr_p: _book!$O$2:$O$379
Name bk_cylr_prog: _book!$Y$2:$Y$379
Name bk_ep: _book!$F$2:$F$379
Name bk_key: _book!$D$2:$D$379
Name bk_lob: _book!$A$2:$A$379
Name bk_lob_ep: 'Roll-ups'!$C$13
Name bk_lob_first: 'Roll-ups'!$C$7
Name bk_modeff: _book!$X$2:$X$379
Name bk_netmode: _book!$V$2:$V$379
Name bk_netx: _book!$W$2:$W$379
Name bk_nplanned: _book!$AD$2:$AD$379
Name bk_ntaken: _book!$AC$2:$AC$379
Name bk_overall: Checks!$C$3
Name bk_pf_first: 'Program Flow'!$B$8
Name bk_proggap: _book!$AA$2:$AA$379
Name bk_progident: _book!$AB$2:$AB$379
Name bk_srccombos: Control!$E$24
Name bk_ss_ep: 'State Summary'!$B$30
Name bk_ss_lr: 'State Summary'!$AA$30
Name bk_ss_prog: 'State Summary'!$AH$30
Name bk_state: _book!$C$2:$C$379
Name bk_ukey: _book!$E$2:$E$379
Name bkc_bu: Control!$D$8
Name bkc_lob: Control!$D$7
Name bkc_state: Control!$D$9
Name bkf_bu: Control!$B$8
Name bkf_lob: Control!$B$7
Name bkf_state: Control!$B$9

Sheet Read Me
B2: The Book — 2027 plan, every line of business
B3: Harvested 2026-08-02 00:03 from 6 workbooks | 378 combos | classic formula mode | engines frozen, filters live
B5: What this is
B6: One row per line x business unit x state, harvested from the six LOB workbooks after they were recalculated. Every per-combo number here is a VALUE copied from the file that computed it — this book cannot drift from those files, and it cannot follow them either.
B7: Every filter, weighted average and total IS live, so changing the view on Control recalculates instantly.
B8: To refresh after editing inputs: save the LOB workbook(s) in Excel, then rebuild this book (python tools/build_book.py). That is the whole loop.
B9: Regenerate a LOB workbook only for STRUCTURAL changes (new state, new capacity, new generator version) — regeneration replaces the file's contents, so carry your inputs across with 'python -m src.build_workbook --lob "<line>" --carry-forward'.
B10: The harvest refuses a workbook that was never recalculated, and refuses one whose own Checks panel is failing — see 'Source checks' on Control for what each file reported when it was read.
B12: Where to go
B13: =HYPERLINK("#Control!A1","Control") -> Control | C13: Filters (line / business unit / state), the in-view KPI band, and the source table with each file's stamp.
B14: =HYPERLINK("#'State Summary'!A1","State Summary") -> State Summary | C14: The flagship: one row per state, EP-weighted across the lines and units in view, with the full bridge chain.
B15: =HYPERLINK("#Portfolio!A1","Portfolio") -> Portfolio | C15: Every combo in the book, with Excel filters on the grid — sort and slice freely; the cells are values.
B16: =HYPERLINK("#'Roll-ups'!A1","Roll-ups") -> Roll-ups | C16: The book cut by line, by business unit, and by state, each with its mix residual.
B17: =HYPERLINK("#'Program Flow'!A1","Program Flow") -> Program Flow | C17: Month-by-month YoY rate, pricing and delivered legs across the book.
B18: =HYPERLINK("#Checks!A1","Checks") -> Checks | C18: Harvest and reconciliation checks — must read ALL CHECKS PASS.
B20: How the numbers combine
B21: Weighting is adjusted plan EP throughout, and EP x written weight for the monthly legs — the same weights the per-LOB workbooks use.
B22: An exhibit keyed by a dimension applies the OTHER filters, never its own: the per-state views honour line and business unit, the by-line roll-up honours unit and state.
B23: Weighted factor averages do not compound: the EP-weighted plan LR is not the product of the EP-weighted factors. Where both are shown, the exact weighted value is displayed and the difference is labelled Mix.
B24: Combining lines is safe for loss ratios and written-basis legs (seasonality is state-keyed; the legs are term-independent). Earning patterns are never aggregated across different policy terms.
B25: Mixing lines with different loss economics into one headline is a judgment, not an arithmetic fact — every roll-up keeps its member lines visible beside the total for that reason.
B27: Sources
B28: Property | C28: Plan_LR_Workbook_2027_Property.xlsx — 63 combos, v3.4.0, modified 2026-08-02 00:02
B29: General Liability | C29: Plan_LR_Workbook_2027_General_Liability.xlsx — 63 combos, v3.4.0, modified 2026-08-02 00:02
B30: Commercial Auto | C30: Plan_LR_Workbook_2027_Commercial_Auto.xlsx — 63 combos, v3.4.0, modified 2026-08-02 00:02
B31: Workers Comp | C31: Plan_LR_Workbook_2027_Workers_Comp.xlsx — 63 combos, v3.4.0, modified 2026-08-02 00:03
B32: Umbrella | C32: Plan_LR_Workbook_2027_Umbrella.xlsx — 63 combos, v3.4.0, modified 2026-08-02 00:03
B33: Inland Marine | C33: Plan_LR_Workbook_2027_Inland_Marine.xlsx — 63 combos, v3.4.0, modified 2026-08-02 00:03

Sheet Control
A1: The Book — every line of business at once (2027 plan)
A2: Harvested from the six LOB workbooks. The engines are frozen; every filter and total below is live. An exhibit keyed by a dimension applies the OTHER filters — the per-state views honour LOB and BU, the by-LOB roll-up honours BU and state, and the all-combo grid honours all three.
A3: Go to: | C3: =HYPERLINK("#'State Summary'!A1","State Summary") -> State Summary | E3: =HYPERLINK("#Portfolio!A1","Portfolio") -> Portfolio | G3: =HYPERLINK("#'Roll-ups'!A1","Roll-ups") -> Roll-ups | I3: =HYPERLINK("#'Program Flow'!A1","Program Flow") -> Program Flow | K3: =HYPERLINK("#Checks!A1","Checks") -> Checks | M3: =HYPERLINK("#'Read Me'!A1","Read Me") -> Read Me
A4: As of 2026-08-02 00:03 — harvested from 6 workbooks, 378 combos. Regenerate and recalculate the LOB files, then rebuild this book, to refresh.
A6: Filters
A7: Line of business | B7: All | D7: =IF(bkf_lob="All","*",bkf_lob) -> * | T7: All | U7: All | V7: All
A8: Business unit | B8: All | D8: =IF(bkf_bu="All","*",bkf_bu) -> * | T8: Property | U8: ABD | V8: AZ
A9: State | B9: All | D9: =IF(bkf_state="All","*",bkf_state) -> * | T9: General Liability | U9: MM | V9: CO
T10: Commercial Auto | U10: SBA | V10: DE
A11: In view | T11: Workers Comp | V11: FL
A12: Combos in view | C12: Adjusted plan EP | E12: CY 2027 plan loss ratio | G12: Plan LR — program basis | I12: Program vs asserted | K12: Net-target combos | T12: Umbrella | V12: GA
A13: =COUNTIFS(_book!$D$2:$D$379,"?*",_book!$A$2:$A$379,bkc_lob,_book!$B$2:$B$379,bkc_bu,_book!$C$2:$C$379,bkc_state) -> 378 | C13: =SUMIFS(_book!$F$2:$F$379,_book!$A$2:$A$379,bkc_lob,_book!$B$2:$B$379,bkc_bu,_book!$C$2:$C$379,bkc_state) -> 17085000 | E13: =IF(SUMIFS(_book!$F$2:$F$379,_book!$A$2:$A$379,bkc_lob,_book!$B$2:$B$379,bkc_bu,_book!$C$2:$C$379,bkc_state)=0,"—",SUMIFS(_book!$AO$2:$AO$379,_book!$A$2:$A$379,bkc_lob,_book!$B$2:$B$379,bkc_bu,_book!$C$2:$C$379,bkc_state)/SUMIFS(_book!$F$2:$F$379,_book!$A$2:$A$379,bkc_lob,_book!$B$2:$B$379,bkc_bu,_book!$C$2:$C$379,bkc_state)) -> 0.63839948 | G13: =IF(SUMIFS(_book!$F$2:$F$379,_book!$A$2:$A$379,bkc_lob,_book!$B$2:$B$379,bkc_bu,_book!$C$2:$C$379,bkc_state)=0,"—",SUMIFS(_book!$AT$2:$AT$379,_book!$A$2:$A$379,bkc_lob,_book!$B$2:$B$379,bkc_bu,_book!$C$2:$C$379,bkc_state)/SUMIFS(_book!$F$2:$F$379,_book!$A$2:$A$379,bkc_lob,_book!$B$2:$B$379,bkc_bu,_book!$C$2:$C$379,bkc_state)) -> 0.63832189 | I13: =IF(SUMIFS(_book!$F$2:$F$379,_book!$A$2:$A$379,bkc_lob,_book!$B$2:$B$379,bkc_bu,_book!$C$2:$C$379,bkc_state)=0,"—",(SUMIFS(_book!$AT$2:$AT$379,_book!$A$2:$A$379,bkc_lob,_book!$B$2:$B$379,bkc_bu,_book!$C$2:$C$379,bkc_state)-SUMIFS(_book!$AO$2:$AO$379,_book!$A$2:$A$379,bkc_lob,_book!$B$2:$B$379,bkc_bu,_book!$C$2:$C$379,bkc_state))/SUMIFS(_book!$F$2:$F$379,_book!$A$2:$A$379,bkc_lob,_book!$B$2:$B$379,bkc_bu,_book!$C$2:$C$379,bkc_state)*100) -> -0.0077588101 | K13: =SUMIFS(_book!$V$2:$V$379,_book!$A$2:$A$379,bkc_lob,_book!$B$2:$B$379,bkc_bu,_book!$C$2:$C$379,bkc_state) -> 6 | T13: Inland Marine | V13: IA
A14: rows passing all three filters | C14: the weight behind every average here | E14: EP-weighted across everything in view | G14: the logged program instead of any asserted net target | I14: 0.00 pts when nothing asserts a net target | K14: combos carrying an asserted net selection | V14: IL
V15: IN
A16: Sources | V16: KY
A17: Line of business | B17: Workbook | C17: Built / modified | D17: Version | E17: Combos | F17: Source checks | V17: MD
A18: Property | B18: Plan_LR_Workbook_2027_Property.xlsx | C18: 2026-08-02 00:02 | D18: 3.4.0 | E18: 63 | F18: PASS WITH 1 WARNING(S) | V18: MI
A19: General Liability | B19: Plan_LR_Workbook_2027_General_Liability.xlsx | C19: 2026-08-02 00:02 | D19: 3.4.0 | E19: 63 | F19: PASS WITH 1 WARNING(S) | V19: MN
A20: Commercial Auto | B20: Plan_LR_Workbook_2027_Commercial_Auto.xlsx | C20: 2026-08-02 00:02 | D20: 3.4.0 | E20: 63 | F20: PASS WITH 1 WARNING(S) | V20: NM
A21: Workers Comp | B21: Plan_LR_Workbook_2027_Workers_Comp.xlsx | C21: 2026-08-02 00:03 | D21: 3.4.0 | E21: 63 | F21: PASS WITH 1 WARNING(S) | V21: NC
A22: Umbrella | B22: Plan_LR_Workbook_2027_Umbrella.xlsx | C22: 2026-08-02 00:03 | D22: 3.4.0 | E22: 63 | F22: PASS WITH 1 WARNING(S) | V22: OH
A23: Inland Marine | B23: Plan_LR_Workbook_2027_Inland_Marine.xlsx | C23: 2026-08-02 00:03 | D23: 3.4.0 | E23: 63 | F23: PASS WITH 1 WARNING(S) | V23: PA
A24: TOTAL | E24: =SUM($E$18:$E$23) -> 378 | V24: SC
V25: TN
A26: Every figure in this book is a harvested value from these files — it cannot drift from them, and it cannot follow them either. Rebuild after any change. | V26: VA
V27: WV
V28: WI

Sheet State Summary
A1: State Summary — every line, one row per state (2027 plan)
A2: Adjusted-EP weighted across the lines and business units in view (set them on Control). Harvested values; the aggregation is live. Rate-change history shows only where the filters resolve to a single combo — the same honesty rule as the per-LOB exhibit, one dimension deeper.
A3: Go to: | C3: =HYPERLINK("#Control!A1","Control") -> Control | E3: =HYPERLINK("#Portfolio!A1","Portfolio") -> Portfolio | G3: =HYPERLINK("#'Roll-ups'!A1","Roll-ups") -> Roll-ups | I3: =HYPERLINK("#'Program Flow'!A1","Program Flow") -> Program Flow | K3: =HYPERLINK("#Checks!A1","Checks") -> Checks
A5: ="Showing: "&IF(bkf_lob="All","every line",bkf_lob)&" | "&IF(bkf_bu="All","every business unit",bkf_bu)&IF(bkf_state="All",""," | (state filter does not apply here)") -> Showing: every line | every business unit
B6: Volume | C6: Schedule mods | F6: Rate change history — single-combo views only. T = taken, P = planned, * = not in the indication | T6: Engine levels | W6: CY 2027 plan — the bridge, left to right | AC6: CY 2028 indicative | AG6: Net selection — asserted vs the logged program
A7: State | B7: Adj plan EP | C7: Mod in indication | D7: Current mod | E7: Proj. mod, plan-yr end | F7: Chg 1 date | G7: Chg 1 | H7: T/P | I7: Chg 2 date | J7: Chg 2 | K7: T/P | L7: Chg 3 date | M7: Chg 3 | N7: T/P | O7: Chg 4 date | P7: Chg 4 | Q7: T/P | R7: # taken | S7: # planned | T7: Indication rate level | U7: 2027 earned rate level | V7: 2027 earned mod | W7: Projected LR (current level) | X7: x Rate earn-in (A_rate) | Y7: x Mod drift (A_mod) | Z7: x Other adj (A_other) | AA7: ="= CY 2027 plan LR" -> = CY 2027 plan LR | AB7: Mix (pts) | AC7: Net trend | AD7: Rate earn-in +1 | AE7: Mod drift +1 | AF7: CY 2028 plan LR | AG7: Net rate sel | AH7: Plan LR — program basis | AI7: Program vs asserted (pts)
A8: AZ | B8: =SUMIFS(_book!$F$2:$F$379,_book!$C$2:$C$379,$A8,_book!$A$2:$A$379,bkc_lob,_book!$B$2:$B$379,bkc_bu) -> 459000 | C8: =IF(SUMIFS(_book!$F$2:$F$379,_book!$C$2:$C$379,$A8,_book!$A$2:$A$379,bkc_lob,_book!$B$2:$B$379,bkc_bu)=0,"—",SUMIFS(_book!$AV$2:$AV$379,_book!$C$2:$C$379,$A8,_book!$A$2:$A$379,bkc_lob,_book!$B$2:$B$379,bkc_bu)/SUMIFS(_book!$F$2:$F$379,_book!$C$2:$C$379,$A8,_book!$A$2:$A$379,bkc_lob,_book!$B$2:$B$379,bkc_bu)) -> 0.90530283 | D8: =IF(SUMIFS(_book!$F$2:$F$379,_book!$C$2:$C$379,$A8,_book!$A$2:$A$379,bkc_lob,_book!$B$2:$B$379,bkc_bu)=0,"—",SUMIFS(_book!$AW$2:$AW$379,_book!$C$2:$C$379,$A8,_book!$A$2:$A$379,bkc_lob,_book!$B$2:$B$379,bkc_bu)/SUMIFS(_book!$F$2:$F$379,_book!$C$2:$C$379,$A8,_book!$A$2:$A$379,bkc_lob,_book!$B$2:$B$379,bkc_bu)) -> 0.90122876 | E8: =IF(SUMIFS(_book!$F$2:$F$379,_book!$C$2:$C$379,$A8,_book!$A$2:$A$379,bkc_lob,_book!$B$2:$B$379,bkc_bu)=0,"—",SUMIFS(_book!$AX$2:$AX$379,_book!$C$2:$C$379,$A8,_book!$A$2:$A$379,bkc_lob,_book!$B$2:$B$379,bkc_bu)/SUMIFS(_book!$F$2:$F$379,_book!$C$2:$C$379,$A8,_book!$A$2:$A$379,bkc_lob,_book!$B$2:$B$379,bkc_bu)) -> 0.90308061 | F8: =IF(COUNTIFS(_book!$D$2:$D$379,"?*",_book!$C$2:$C$379,$A8,_book!$A$2:$A$379,bkc_lob,_book!$B$2:$B$379,bkc_bu)<>1,"—",INDEX(_book!$DG$2:$DG$379,MATCH(bkf_lob&"|"&bkf_bu&"|"&$A8,_book!$E$2:$E$379,0))) -> — | G8: =IF(COUNTIFS(_book!$D$2:$D$379,"?*",_book!$C$2:$C$379,$A8,_book!$A$2:$A$379,bkc_lob,_book!$B$2:$B$379,bkc_bu)<>1,"—",INDEX(_book!$DH$2:$DH$379,MATCH(bkf_lob&"|"&bkf_bu&"|"&$A8,_book!$E$2:$E$379,0))) -> — | H8: =IF(COUNTIFS(_book!$D$2:$D$379,"?*",_book!$C$2:$C$379,$A8,_book!$A$2:$A$379,bkc_lob,_book!$B$2:$B$379,bkc_bu)<>1,"—",INDEX(_book!$DI$2:$DI$379,MATCH(bkf_lob&"|"&bkf_bu&"|"&$A8,_book!$E$2:$E$379,0))) -> — | I8: =IF(COUNTIFS(_book!$D$2:$D$379,"?*",_book!$C$2:$C$379,$A8,_book!$A$2:$A$379,bkc_lob,_book!$B$2:$B$379,bkc_bu)<>1,"—",INDEX(_book!$DJ$2:$DJ$379,MATCH(bkf_lob&"|"&bkf_bu&"|"&$A8,_book!$E$2:$E$379,0))) -> — | J8: =IF(COUNTIFS(_book!$D$2:$D$379,"?*",_book!$C$2:$C$379,$A8,_book!$A$2:$A$379,bkc_lob,_book!$B$2:$B$379,bkc_bu)<>1,"—",INDEX(_book!$DK$2:$DK$379,MATCH(bkf_lob&"|"&bkf_bu&"|"&$A8,_book!$E$2:$E$379,0))) -> — | K8: =IF(COUNTIFS(_book!$D$2:$D$379,"?*",_book!$C$2:$C$379,$A8,_book!$A$2:$A$379,bkc_lob,_book!$B$2:$B$379,bkc_bu)<>1,"—",INDEX(_book!$DL$2:$DL$379,MATCH(bkf_lob&"|"&bkf_bu&"|"&$A8,_book!$E$2:$E$379,0))) -> — | L8: =IF(COUNTIFS(_book!$D$2:$D$379,"?*",_book!$C$2:$C$379,$A8,_book!$A$2:$A$379,bkc_lob,_book!$B$2:$B$379,bkc_bu)<>1,"—",INDEX(_book!$DM$2:$DM$379,MATCH(bkf_lob&"|"&bkf_bu&"|"&$A8,_book!$E$2:$E$379,0))) -> — | M8: =IF(COUNTIFS(_book!$D$2:$D$379,"?*",_book!$C$2:$C$379,$A8,_book!$A$2:$A$379,bkc_lob,_book!$B$2:$B$379,bkc_bu)<>1,"—",INDEX(_book!$DN$2:$DN$379,MATCH(bkf_lob&"|"&bkf_bu&"|"&$A8,_book!$E$2:$E$379,0))) -> — | N8: =IF(COUNTIFS(_book!$D$2:$D$379,"?*",_book!$C$2:$C$379,$A8,_book!$A$2:$A$379,bkc_lob,_book!$B$2:$B$379,bkc_bu)<>1,"—",INDEX(_book!$DO$2:$DO$379,MATCH(bkf_lob&"|"&bkf_bu&"|"&$A8,_book!$E$2:$E$379,0))) -> — | O8: =IF(COUNTIFS(_book!$D$2:$D$379,"?*",_book!$C$2:$C$379,$A8,_book!$A$2:$A$379,bkc_lob,_book!$B$2:$B$379,bkc_bu)<>1,"—",INDEX(_book!$DP$2:$DP$379,MATCH(bkf_lob&"|"&bkf_bu&"|"&$A8,_book!$E$2:$E$379,0))) -> — | P8: =IF(COUNTIFS(_book!$D$2:$D$379,"?*",_book!$C$2:$C$379,$A8,_book!$A$2:$A$379,bkc_lob,_book!$B$2:$B$379,bkc_bu)<>1,"—",INDEX(_book!$DQ$2:$DQ$379,MATCH(bkf_lob&"|"&bkf_bu&"|"&$A8,_book!$E$2:$E$379,0))) -> — | Q8: =IF(COUNTIFS(_book!$D$2:$D$379,"?*",_book!$C$2:$C$379,$A8,_book!$A$2:$A$379,bkc_lob,_book!$B$2:$B$379,bkc_bu)<>1,"—",INDEX(_book!$DR$2:$DR$379,MATCH(bkf_lob&"|"&bkf_bu&"|"&$A8,_book!$E$2:$E$379,0))) -> — | R8: =SUMIFS(_book!$AC$2:$AC$379,_book!$C$2:$C$379,$A8,_book!$A$2:$A$379,bkc_lob,_book!$B$2:$B$379,bkc_bu) -> 24 | S8: =SUMIFS(_book!$AD$2:$AD$379,_book!$C$2:$C$379,$A8,_book!$A$2:$A$379,bkc_lob,_book!$B$2:$B$379,bkc_bu) -> 12 | T8: =IF(SUMIFS(_book!$F$2:$F$379,_book!$C$2:$C$379,$A8,_book!$A$2:$A$379,bkc_lob,_book!$B$2:$B$379,bkc_bu)=0,"—",SUMIFS(_book!$AH$2:$AH$379,_book!$C$2:$C$379,$A8,_book!$A$2:$A$379,bkc_lob,_book!$B$2:$B$379,bkc_bu)/SUMIFS(_book!$F$2:$F$379,_book!$C$2:$C$379,$A8,_book!$A$2:$A$379,bkc_lob,_book!$B$2:$B$379,bkc_bu)) -> 1.0551556 | U8: =IF(SUMIFS(_book!$F$2:$F$379,_book!$C$2:$C$379,$A8,_book!$A$2:$A$379,bkc_lob,_book!$B$2:$B$379,bkc_bu)=0,"—",SUMIFS(_book!$AI$2:$AI$379,_book!$C$2:$C$379,$A8,_book!$A$2:$A$379,bkc_lob,_book!$B$2:$B$379,bkc_bu)/SUMIFS(_book!$F$2:$F$379,_book!$C$2:$C$379,$A8,_book!$A$2:$A$379,bkc_lob,_book!$B$2:$B$379,bkc_bu)) -> 1.0591696 | V8: =IF(SUMIFS(_book!$F$2:$F$379,_book!$C$2:$C$379,$A8,_book!$A$2:$A$379,bkc_lob,_book!$B$2:$B$379,bkc_bu)=0,"—",SUMIFS(_book!$AJ$2:$AJ$379,_book!$C$2:$C$379,$A8,_book!$A$2:$A$379,bkc_lob,_book!$B$2:$B$379,bkc_bu)/SUMIFS(_book!$F$2:$F$379,_book!$C$2:$C$379,$A8,_book!$A$2:$A$379,bkc_lob,_book!$B$2:$B$379,bkc_bu)) -> 0.90161575 | W8: =IF(SUMIFS(_book!$F$2:$F$379,_book!$C$2:$C$379,$A8,_book!$A$2:$A$379,bkc_lob,_book!$B$2:$B$379,bkc_bu)=0,"—",SUMIFS(_book!$AN$2:$AN$379,_book!$C$2:$C$379,$A8,_book!$A$2:$A$379,bkc_lob,_book!$B$2:$B$379,bkc_bu)/SUMIFS(_book!$F$2:$F$379,_book!$C$2:$C$379,$A8,_book!$A$2:$A$379,bkc_lob,_book!$B$2:$B$379,bkc_bu)) -> 0.64023747 | X8: =IF(SUMIFS(_book!$F$2:$F$379,_book!$C$2:$C$379,$A8,_book!$A$2:$A$379,bkc_lob,_book!$B$2:$B$379,bkc_bu)=0,"—",SUMIFS(_book!$AK$2:$AK$379,_book!$C$2:$C$379,$A8,_book!$A$2:$A$379,bkc_lob,_book!$B$2:$B$379,bkc_bu)/SUMIFS(_book!$F$2:$F$379,_book!$C$2:$C$379,$A8,_book!$A$2:$A$379,bkc_lob,_book!$B$2:$B$379,bkc_bu)) -> 0.99631275 | Y8: =IF(SUMIFS(_book!$F$2:$F$379,_book!$C$2:$C$379,$A8,_book!$A$2:$A$379,bkc_lob,_book!$B$2:$B$379,bkc_bu)=0,"—",SUMIFS(_book!$AL$2:$AL$379,_book!$C$2:$C$379,$A8,_book!$A$2:$A$379,bkc_lob,_book!$B$2:$B$379,bkc_bu)/SUMIFS(_book!$F$2:$F$379,_book!$C$2:$C$379,$A8,_book!$A$2:$A$379,bkc_lob,_book!$B$2:$B$379,bkc_bu)) -> 1.0037577 | Z8: =IF(SUMIFS(_book!$F$2:$F$379,_book!$C$2:$C$379,$A8,_book!$A$2:$A$379,bkc_lob,_book!$B$2:$B$379,bkc_bu)=0,"—",SUMIFS(_book!$AM$2:$AM$379,_book!$C$2:$C$379,$A8,_book!$A$2:$A$379,bkc_lob,_book!$B$2:$B$379,bkc_bu)/SUMIFS(_book!$F$2:$F$379,_book!$C$2:$C$379,$A8,_book!$A$2:$A$379,bkc_lob,_book!$B$2:$B$379,bkc_bu)) -> 1 | AA8: =IF(COUNTIFS(_book!$D$2:$D$379,"?*",_book!$C$2:$C$379,$A8,_book!$A$2:$A$379,bkc_lob,_book!$B$2:$B$379,bkc_bu)=0,"",IF(COUNTIFS(_book!$D$2:$D$379,"?*",_book!$C$2:$C$379,$A8,_book!$A$2:$A$379,bkc_lob,_book!$B$2:$B$379,bkc_bu)=1,$W8*$X8*$Y8*$Z8,IF(SUMIFS(_book!$F$2:$F$379,_book!$C$2:$C$379,$A8,_book!$A$2:$A$379,bkc_lob,_book!$B$2:$B$379,bkc_bu)=0,"—",SUMIFS(_book!$AO$2:$AO$379,_book!$C$2:$C$379,$A8,_book!$A$2:$A$379,bkc_lob,_book!$B$2:$B$379,bkc_bu)/SUMIFS(_book!$F$2:$F$379,_book!$C$2:$C$379,$A8,_book!$A$2:$A$379,bkc_lob,_book!$B$2:$B$379,bkc_bu)))) -> 0.64024221 | AB8: =IF(COUNTIFS(_book!$D$2:$D$379,"?*",_book!$C$2:$C$379,$A8,_book!$A$2:$A$379,bkc_lob,_book!$B$2:$B$379,bkc_bu)<=1,"",($AA8-$W8*$X8*$Y8*$Z8)*100) -> -0.0031464289 | AC8: =IF(SUMIFS(_book!$F$2:$F$379,_book!$C$2:$C$379,$A8,_book!$A$2:$A$379,bkc_lob,_book!$B$2:$B$379,bkc_bu)=0,"—",SUMIFS(_book!$AQ$2:$AQ$379,_book!$C$2:$C$379,$A8,_book!$A$2:$A$379,bkc_lob,_book!$B$2:$B$379,bkc_bu)/SUMIFS(_book!$F$2:$F$379,_book!$C$2:$C$379,$A8,_book!$A$2:$A$379,bkc_lob,_book!$B$2:$B$379,bkc_bu)) -> 0 | AD8: =IF(SUMIFS(_book!$F$2:$F$379,_book!$C$2:$C$379,$A8,_book!$A$2:$A$379,bkc_lob,_book!$B$2:$B$379,bkc_bu)=0,"—",SUMIFS(_book!$AR$2:$AR$379,_book!$C$2:$C$379,$A8,_book!$A$2:$A$379,bkc_lob,_book!$B$2:$B$379,bkc_bu)/SUMIFS(_book!$F$2:$F$379,_book!$C$2:$C$379,$A8,_book!$A$2:$A$379,bkc_lob,_book!$B$2:$B$379,bkc_bu)) -> 0.97351169 | AE8: =IF(SUMIFS(_book!$F$2:$F$379,_book!$C$2:$C$379,$A8,_book!$A$2:$A$379,bkc_lob,_book!$B$2:$B$379,bkc_bu)=0,"—",SUMIFS(_book!$AS$2:$AS$379,_book!$C$2:$C$379,$A8,_book!$A$2:$A$379,bkc_lob,_book!$B$2:$B$379,bkc_bu)/SUMIFS(_book!$F$2:$F$379,_book!$C$2:$C$379,$A8,_book!$A$2:$A$379,bkc_lob,_book!$B$2:$B$379,bkc_bu)) -> 1.0024519 | AF8: =IF(COUNTIFS(_book!$D$2:$D$379,"?*",_book!$C$2:$C$379,$A8,_book!$A$2:$A$379,bkc_lob,_book!$B$2:$B$379,bkc_bu)=0,"",IF(COUNTIFS(_book!$D$2:$D$379,"?*",_book!$C$2:$C$379,$A8,_book!$A$2:$A$379,bkc_lob,_book!$B$2:$B$379,bkc_bu)=1,$W8*(1+$AC8)*$AD8*$AE8*$Z8,IF(SUMIFS(_book!$F$2:$F$379,_book!$C$2:$C$379,$A8,_book!$A$2:$A$379,bkc_lob,_book!$B$2:$B$379,bkc_bu)=0,"—",SUMIFS(_book!$AP$2:$AP$379,_book!$C$2:$C$379,$A8,_book!$A$2:$A$379,bkc_lob,_book!$B$2:$B$379,bkc_bu)/SUMIFS(_book!$F$2:$F$379,_book!$C$2:$C$379,$A8,_book!$A$2:$A$379,bkc_lob,_book!$B$2:$B$379,bkc_bu)))) -> 0.62489153 | AG8: =IF(COUNTIFS(_book!$D$2:$D$379,"?*",_book!$C$2:$C$379,$A8,_book!$A$2:$A$379,bkc_lob,_book!$B$2:$B$379,bkc_bu)=0,"",IF(SUMIFS(_book!$V$2:$V$379,_book!$C$2:$C$379,$A8,_book!$A$2:$A$379,bkc_lob,_book!$B$2:$B$379,bkc_bu)=0,"—",SUMIFS(_book!$W$2:$W$379,_book!$C$2:$C$379,$A8,_book!$A$2:$A$379,bkc_lob,_book!$B$2:$B$379,bkc_bu)/SUMIFS(_book!$V$2:$V$379,_book!$C$2:$C$379,$A8,_book!$A$2:$A$379,bkc_lob,_book!$B$2:$B$379,bkc_bu))) -> — | AH8: =IF(SUMIFS(_book!$V$2:$V$379,_book!$C$2:$C$379,$A8,_book!$A$2:$A$379,bkc_lob,_book!$B$2:$B$379,bkc_bu)=0,"—",IF(SUMIFS(_book!$F$2:$F$379,_book!$C$2:$C$379,$A8,_book!$A$2:$A$379,bkc_lob,_book!$B$2:$B$379,bkc_bu)=0,"—",SUMIFS(_book!$AT$2:$AT$379,_book!$C$2:$C$379,$A8,_book!$A$2:$A$379,bkc_lob,_book!$B$2:$B$379,bkc_bu)/SUMIFS(_book!$F$2:$F$379,_book!$C$2:$C$379,$A8,_book!$A$2:$A$379,bkc_lob,_book!$B$2:$B$379,bkc_bu))) -> — | AI8: =IF(SUMIFS(_book!$V$2:$V$379,_book!$C$2:$C$379,$A8,_book!$A$2:$A$379,bkc_lob,_book!$B$2:$B$379,bkc_bu)=0,"—",($AH8-$AA8)*100) -> —
A9: CO | B9: =SUMIFS(_book!$F$2:$F$379,_book!$C$2:$C$379,$A9,_book!$A$2:$A$379,bkc_lob,_book!$B$2:$B$379,bkc_bu) -> 1122000 | C9: =IF(SUMIFS(_book!$F$2:$F$379,_book!$C$2:$C$379,$A9,_book!$A$2:$A$379,bkc_lob,_book!$B$2:$B$379,bkc_bu)=0,"—",SUMIFS(_book!$AV$2:$AV$379,_book!$C$2:$C$379,$A9,_book!$A$2:$A$379,bkc_lob,_book!$B$2:$B$379,bkc_bu)/SUMIFS(_book!$F$2:$F$379,_book!$C$2:$C$379,$A9,_book!$A$2:$A$379,bkc_lob,_book!$B$2:$B$379,bkc_bu)) -> 0.92858824 | D9: =IF(SUMIFS(_book!$F$2:$F$379,_book!$C$2:$C$379,$A9,_book!$A$2:$A$379,bkc_lob,_book!$B$2:$B$379,bkc_bu)=0,"—",SUMIFS(_book!$AW$2:$AW$379,_book!$C$2:$C$379,$A9,_book!$A$2:$A$379,bkc_lob,_book!$B$2:$B$379,bkc_bu)/SUMIFS(_book!$F$2:$F$379,_book!$C$2:$C$379,$A9,_book!$A$2:$A$379,bkc_lob,_book!$B$2:$B$379,bkc_bu)) -> 0.91858824 | E9: =IF(SUMIFS(_book!$F$2:$F$379,_book!$C$2:$C$379,$A9,_book!$A$2:$A$379,bkc_lob,_book!$B$2:$B$379,bkc_bu)=0,"—",SUMIFS(_book!$AX$2:$AX$379,_book!$C$2:$C$379,$A9,_book!$A$2:$A$379,bkc_lob,_book!$B$2:$B$379,bkc_bu)/SUMIFS(_book!$F$2:$F$379,_book!$C$2:$C$379,$A9,_book!$A$2:$A$379,bkc_lob,_book!$B$2:$B$379,bkc_bu)) -> 0.92358824 | F9: =IF(COUNTIFS(_book!$D$2:$D$379,"?*",_book!$C$2:$C$379,$A9,_book!$A$2:$A$379,bkc_lob,_book!$B$2:$B$379,bkc_bu)<>1,"—",INDEX(_book!$DG$2:$DG$379,MATCH(bkf_lob&"|"&bkf_bu&"|"&$A9,_book!$E$2:$E$379,0))) -> — | G9: =IF(COUNTIFS(_book!$D$2:$D$379,"?*",_book!$C$2:$C$379,$A9,_book!$A$2:$A$379,bkc_lob,_book!$B$2:$B$379,bkc_bu)<>1,"—",INDEX(_book!$DH$2:$DH$379,MATCH(bkf_lob&"|"&bkf_bu&"|"&$A9,_book!$E$2:$E$379,0))) -> — | H9: =IF(COUNTIFS(_book!$D$2:$D$379,"?*",_book!$C$2:$C$379,$A9,_book!$A$2:$A$379,bkc_lob,_book!$B$2:$B$379,bkc_bu)<>1,"—",INDEX(_book!$DI$2:$DI$379,MATCH(bkf_lob&"|"&bkf_bu&"|"&$A9,_book!$E$2:$E$379,0))) -> — | I9: =IF(COUNTIFS(_book!$D$2:$D$379,"?*",_book!$C$2:$C$379,$A9,_book!$A$2:$A$379,bkc_lob,_book!$B$2:$B$379,bkc_bu)<>1,"—",INDEX(_book!$DJ$2:$DJ$379,MATCH(bkf_lob&"|"&bkf_bu&"|"&$A9,_book!$E$2:$E$379,0))) -> — | J9: =IF(COUNTIFS(_book!$D$2:$D$379,"?*",_book!$C$2:$C$379,$A9,_book!$A$2:$A$379,bkc_lob,_book!$B$2:$B$379,bkc_bu)<>1,"—",INDEX(_book!$DK$2:$DK$379,MATCH(bkf_lob&"|"&bkf_bu&"|"&$A9,_book!$E$2:$E$379,0))) -> — | K9: =IF(COUNTIFS(_book!$D$2:$D$379,"?*",_book!$C$2:$C$379,$A9,_book!$A$2:$A$379,bkc_lob,_book!$B$2:$B$379,bkc_bu)<>1,"—",INDEX(_book!$DL$2:$DL$379,MATCH(bkf_lob&"|"&bkf_bu&"|"&$A9,_book!$E$2:$E$379,0))) -> — | L9: =IF(COUNTIFS(_book!$D$2:$D$379,"?*",_book!$C$2:$C$379,$A9,_book!$A$2:$A$379,bkc_lob,_book!$B$2:$B$379,bkc_bu)<>1,"—",INDEX(_book!$DM$2:$DM$379,MATCH(bkf_lob&"|"&bkf_bu&"|"&$A9,_book!$E$2:$E$379,0))) -> — | M9: =IF(COUNTIFS(_book!$D$2:$D$379,"?*",_book!$C$2:$C$379,$A9,_book!$A$2:$A$379,bkc_lob,_book!$B$2:$B$379,bkc_bu)<>1,"—",INDEX(_book!$DN$2:$DN$379,MATCH(bkf_lob&"|"&bkf_bu&"|"&$A9,_book!$E$2:$E$379,0))) -> — | N9: =IF(COUNTIFS(_book!$D$2:$D$379,"?*",_book!$C$2:$C$379,$A9,_book!$A$2:$A$379,bkc_lob,_book!$B$2:$B$379,bkc_bu)<>1,"—",INDEX(_book!$DO$2:$DO$379,MATCH(bkf_lob&"|"&bkf_bu&"|"&$A9,_book!$E$2:$E$379,0))) -> — | O9: =IF(COUNTIFS(_book!$D$2:$D$379,"?*",_book!$C$2:$C$379,$A9,_book!$A$2:$A$379,bkc_lob,_book!$B$2:$B$379,bkc_bu)<>1,"—",INDEX(_book!$DP$2:$DP$379,MATCH(bkf_lob&"|"&bkf_bu&"|"&$A9,_book!$E$2:$E$379,0))) -> — | P9: =IF(COUNTIFS(_book!$D$2:$D$379,"?*",_book!$C$2:$C$379,$A9,_book!$A$2:$A$379,bkc_lob,_book!$B$2:$B$379,bkc_bu)<>1,"—",INDEX(_book!$DQ$2:$DQ$379,MATCH(bkf_lob&"|"&bkf_bu&"|"&$A9,_book!$E$2:$E$379,0))) -> — | Q9: =IF(COUNTIFS(_book!$D$2:$D$379,"?*",_book!$C$2:$C$379,$A9,_book!$A$2:$A$379,bkc_lob,_book!$B$2:$B$379,bkc_bu)<>1,"—",INDEX(_book!$DR$2:$DR$379,MATCH(bkf_lob&"|"&bkf_bu&"|"&$A9,_book!$E$2:$E$379,0))) -> — | R9: =SUMIFS(_book!$AC$2:$AC$379,_book!$C$2:$C$379,$A9,_book!$A$2:$A$379,bkc_lob,_book!$B$2:$B$379,bkc_bu) -> 18 | S9: =SUMIFS(_book!$AD$2:$AD$379,_book!$C$2:$C$379,$A9,_book!$A$2:$A$379,bkc_lob,_book!$B$2:$B$379,bkc_bu) -> 6 | T9: =IF(SUMIFS(_book!$F$2:$F$379,_book!$C$2:$C$379,$A9,_book!$A$2:$A$379,bkc_lob,_book!$B$2:$B$379,bkc_bu)=0,"—",SUMIFS(_book!$AH$2:$AH$379,_book!$C$2:$C$379,$A9,_book!$A$2:$A$379,bkc_lob,_book!$B$2:$B$379,bkc_bu)/SUMIFS(_book!$F$2:$F$379,_book!$C$2:$C$379,$A9,_book!$A$2:$A$379,bkc_lob,_book!$B$2:$B$379,bkc_bu)) -> 1.040303 | U9: =IF(SUMIFS(_book!$F$2:$F$379,_book!$C$2:$C$379,$A9,_book!$A$2:$A$379,bkc_lob,_book!$B$2:$B$379,bkc_bu)=0,"—",SUMIFS(_book!$AI$2:$AI$379,_book!$C$2:$C$379,$A9,_book!$A$2:$A$379,bkc_lob,_book!$B$2:$B$379,bkc_bu)/SUMIFS(_book!$F$2:$F$379,_book!$C$2:$C$379,$A9,_book!$A$2:$A$379,bkc_lob,_book!$B$2:$B$379,bkc_bu)) -> 1.038619 | V9: =IF(SUMIFS(_book!$F$2:$F$379,_book!$C$2:$C$379,$A9,_book!$A$2:$A$379,bkc_lob,_book!$B$2:$B$379,bkc_bu)=0,"—",SUMIFS(_book!$AJ$2:$AJ$379,_book!$C$2:$C$379,$A9,_book!$A$2:$A$379,bkc_lob,_book!$B$2:$B$379,bkc_bu)/SUMIFS(_book!$F$2:$F$379,_book!$C$2:$C$379,$A9,_book!$A$2:$A$379,bkc_lob,_book!$B$2:$B$379,bkc_bu)) -> 0.91963312 | W9: =IF(SUMIFS(_book!$F$2:$F$379,_book!$C$2:$C$379,$A9,_book!$A$2:$A$379,bkc_lob,_book!$B$2:$B$379,bkc_bu)=0,"—",SUMIFS(_book!$AN$2:$AN$379,_book!$C$2:$C$379,$A9,_book!$A$2:$A$379,bkc_lob,_book!$B$2:$B$379,bkc_bu)/SUMIFS(_book!$F$2:$F$379,_book!$C$2:$C$379,$A9,_book!$A$2:$A$379,bkc_lob,_book!$B$2:$B$379,bkc_bu)) -> 0.64250289 | X9: =IF(SUMIFS(_book!$F$2:$F$379,_book!$C$2:$C$379,$A9,_book!$A$2:$A$379,bkc_lob,_book!$B$2:$B$379,bkc_bu)=0,"—",SUMIFS(_book!$AK$2:$AK$379,_book!$C$2:$C$379,$A9,_book!$A$2:$A$379,bkc_lob,_book!$B$2:$B$379,bkc_bu)/SUMIFS(_book!$F$2:$F$379,_book!$C$2:$C$379,$A9,_book!$A$2:$A$379,bkc_lob,_book!$B$2:$B$379,bkc_bu)) -> 1.0017141 | Y9: =IF(SUMIFS(_book!$F$2:$F$379,_book!$C$2:$C$379,$A9,_book!$A$2:$A$379,bkc_lob,_book!$B$2:$B$379,bkc_bu)=0,"—",SUMIFS(_book!$AL$2:$AL$379,_book!$C$2:$C$379,$A9,_book!$A$2:$A$379,bkc_lob,_book!$B$2:$B$379,bkc_bu)/SUMIFS(_book!$F$2:$F$379,_book!$C$2:$C$379,$A9,_book!$A$2:$A$379,bkc_lob,_book!$B$2:$B$379,bkc_bu)) -> 1.0097775 | Z9: =IF(SUMIFS(_book!$F$2:$F$379,_book!$C$2:$C$379,$A9,_book!$A$2:$A$379,bkc_lob,_book!$B$2:$B$379,bkc_bu)=0,"—",SUMIFS(_book!$AM$2:$AM$379,_book!$C$2:$C$379,$A9,_book!$A$2:$A$379,bkc_lob,_book!$B$2:$B$379,bkc_bu)/SUMIFS(_book!$F$2:$F$379,_book!$C$2:$C$379,$A9,_book!$A$2:$A$379,bkc_lob,_book!$B$2:$B$379,bkc_bu)) -> 1 | AA9: =IF(COUNTIFS(_book!$D$2:$D$379,"?*",_book!$C$2:$C$379,$A9,_book!$A$2:$A$379,bkc_lob,_book!$B$2:$B$379,bkc_bu)=0,"",IF(COUNTIFS(_book!$D$2:$D$379,"?*",_book!$C$2:$C$379,$A9,_book!$A$2:$A$379,bkc_lob,_book!$B$2:$B$379,bkc_bu)=1,$W9*$X9*$Y9*$Z9,IF(SUMIFS(_book!$F$2:$F$379,_book!$C$2:$C$379,$A9,_book!$A$2:$A$379,bkc_lob,_book!$B$2:$B$379,bkc_bu)=0,"—",SUMIFS(_book!$AO$2:$AO$379,_book!$C$2:$C$379,$A9,_book!$A$2:$A$379,bkc_lob,_book!$B$2:$B$379,bkc_bu)/SUMIFS(_book!$F$2:$F$379,_book!$C$2:$C$379,$A9,_book!$A$2:$A$379,bkc_lob,_book!$B$2:$B$379,bkc_bu)))) -> 0.649976 | AB9: =IF(COUNTIFS(_book!$D$2:$D$379,"?*",_book!$C$2:$C$379,$A9,_book!$A$2:$A$379,bkc_lob,_book!$B$2:$B$379,bkc_bu)<=1,"",($AA9-$W9*$X9*$Y9*$Z9)*100) -> 0.0078916435 | AC9: =IF(SUMIFS(_book!$F$2:$F$379,_book!$C$2:$C$379,$A9,_book!$A$2:$A$379,bkc_lob,_book!$B$2:$B$379,bkc_bu)=0,"—",SUMIFS(_book!$AQ$2:$AQ$379,_book!$C$2:$C$379,$A9,_book!$A$2:$A$379,bkc_lob,_book!$B$2:$B$379,bkc_bu)/SUMIFS(_book!$F$2:$F$379,_book!$C$2:$C$379,$A9,_book!$A$2:$A$379,bkc_lob,_book!$B$2:$B$379,bkc_bu)) -> 0.0033333333 | AD9: =IF(SUMIFS(_book!$F$2:$F$379,_book!$C$2:$C$379,$A9,_book!$A$2:$A$379,bkc_lob,_book!$B$2:$B$379,bkc_bu)=0,"—",SUMIFS(_book!$AR$2:$AR$379,_book!$C$2:$C$379,$A9,_book!$A$2:$A$379,bkc_lob,_book!$B$2:$B$379,bkc_bu)/SUMIFS(_book!$F$2:$F$379,_book!$C$2:$C$379,$A9,_book!$A$2:$A$379,bkc_lob,_book!$B$2:$B$379,bkc_bu)) -> 0.98780118 | AE9: =IF(SUMIFS(_book!$F$2:$F$379,_book!$C$2:$C$379,$A9,_book!$A$2:$A$379,bkc_lob,_book!$B$2:$B$379,bkc_bu)=0,"—",SUMIFS(_book!$AS$2:$AS$379,_book!$C$2:$C$379,$A9,_book!$A$2:$A$379,bkc_lob,_book!$B$2:$B$379,bkc_bu)/SUMIFS(_book!$F$2:$F$379,_book!$C$2:$C$379,$A9,_book!$A$2:$A$379,bkc_lob,_book!$B$2:$B$379,bkc_bu)) -> 1.0061447 | AF9: =IF(COUNTIFS(_book!$D$2:$D$379,"?*",_book!$C$2:$C$379,$A9,_book!$A$2:$A$379,bkc_lob,_book!$B$2:$B$379,bkc_bu)=0,"",IF(COUNTIFS(_book!$D$2:$D$379,"?*",_book!$C$2:$C$379,$A9,_book!$A$2:$A$379,bkc_lob,_book!$B$2:$B$379,bkc_bu)=1,$W9*(1+$AC9)*$AD9*$AE9*$Z9,IF(SUMIFS(_book!$F$2:$F$379,_book!$C$2:$C$379,$A9,_book!$A$2:$A$379,bkc_lob,_book!$B$2:$B$379,bkc_bu)=0,"—",SUMIFS(_book!$AP$2:$AP$379,_book!$C$2:$C$379,$A9,_book!$A$2:$A$379,bkc_lob,_book!$B$2:$B$379,bkc_bu)/SUMIFS(_book!$F$2:$F$379,_book!$C$2:$C$379,$A9,_book!$A$2:$A$379,bkc_lob,_book!$B$2:$B$379,bkc_bu)))) -> 0.64081577 | AG9: =IF(COUNTIFS(_book!$D$2:$D$379,"?*",_book!$C$2:$C$379,$A9,_book!$A$2:$A$379,bkc_lob,_book!$B$2:$B$379,bkc_bu)=0,"",IF(SUMIFS(_book!$V$2:$V$379,_book!$C$2:$C$379,$A9,_book!$A$2:$A$379,bkc_lob,_book!$B$2:$B$379,bkc_bu)=0,"—",SUMIFS(_book!$W$2:$W$379,_book!$C$2:$C$379,$A9,_book!$A$2:$A$379,bkc_lob,_book!$B$2:$B$379,bkc_bu)/SUMIFS(_book!$V$2:$V$379,_book!$C$2:$C$379,$A9,_book!$A$2:$A$379,bkc_lob,_book!$B$2:$B$379,bkc_bu))) -> — | AH9: =IF(SUMIFS(_book!$V$2:$V$379,_book!$C$2:$C$379,$A9,_book!$A$2:$A$379,bkc_lob,_book!$B$2:$B$379,bkc_bu)=0,"—",IF(SUMIFS(_book!$F$2:$F$379,_book!$C$2:$C$379,$A9,_book!$A$2:$A$379,bkc_lob,_book!$B$2:$B$379,bkc_bu)=0,"—",SUMIFS(_book!$AT$2:$AT$379,_book!$C$2:$C$379,$A9,_book!$A$2:$A$379,bkc_lob,_book!$B$2:$B$379,bkc_bu)/SUMIFS(_book!$F$2:$F$379,_book!$C$2:$C$379,$A9,_book!$A$2:$A$379,bkc_lob,_book!$B$2:$B$379,bkc_bu))) -> — | AI9: =IF(SUMIFS(_book!$V$2:$V$379,_book!$C$2:$C$379,$A9,_book!$A$2:$A$379,bkc_lob,_book!$B$2:$B$379,bkc_bu)=0,"—",($AH9-$AA9)*100) -> —
A10: DE | B10: =SUMIFS(_book!$F$2:$F$379,_book!$C$2:$C$379,$A10,_book!$A$2:$A$379,bkc_lob,_book!$B$2:$B$379,bkc_bu) -> 918000 | C10: =IF(SUMIFS(_book!$F$2:$F$379,_book!$C$2:$C$379,$A10,_book!$A$2:$A$379,bkc_lob,_book!$B$2:$B$379,bkc_bu)=0,"—",SUMIFS(_book!$AV$2:$AV$379,_book!$C$2:$C$379,$A10,_book!$A$2:$A$379,bkc_lob,_book!$B$2:$B$379,bkc_bu)/SUMIFS(_book!$F$2:$F$379,_book!$C$2:$C$379,$A10,_book!$A$2:$A$379,bkc_lob,_book!$B$2:$B$379,bkc_bu)) -> 0.92858824 | D10: =IF(SUMIFS(_book!$F$2:$F$379,_book!$C$2:$C$379,$A10,_book!$A$2:$A$379,bkc_lob,_book!$B$2:$B$379,bkc_bu)=0,"—",SUMIFS(_book!$AW$2:$AW$379,_book!$C$2:$C$379,$A10,_book!$A$2:$A$379,bkc_lob,_book!$B$2:$B$379,bkc_bu)/SUMIFS(_book!$F$2:$F$379,_book!$C$2:$C$379,$A10,_book!$A$2:$A$379,bkc_lob,_book!$B$2:$B$379,bkc_bu)) -> 0.91858824 | E10: =IF(SUMIFS(_book!$F$2:$F$379,_book!$C$2:$C$379,$A10,_book!$A$2:$A$379,bkc_lob,_book!$B$2:$B$379,bkc_bu)=0,"—",SUMIFS(_book!$AX$2:$AX$379,_book!$C$2:$C$379,$A10,_book!$A$2:$A$379,bkc_lob,_book!$B$2:$B$379,bkc_bu)/SUMIFS(_book!$F$2:$F$379,_book!$C$2:$C$379,$A10,_book!$A$2:$A$379,bkc_lob,_book!$B$2:$B$379,bkc_bu)) -> 0.93858824 | F10: =IF(COUNTIFS(_book!$D$2:$D$379,"?*",_book!$C$2:$C$379,$A10,_book!$A$2:$A$379,bkc_lob,_book!$B$2:$B$379,bkc_bu)<>1,"—",INDEX(_book!$DG$2:$DG$379,MATCH(bkf_lob&"|"&bkf_bu&"|"&$A10,_book!$E$2:$E$379,0))) -> — | G10: =IF(COUNTIFS(_book!$D$2:$D$379,"?*",_book!$C$2:$C$379,$A10,_book!$A$2:$A$379,bkc_lob,_book!$B$2:$B$379,bkc_bu)<>1,"—",INDEX(_book!$DH$2:$DH$379,MATCH(bkf_lob&"|"&bkf_bu&"|"&$A10,_book!$E$2:$E$379,0))) -> — | H10: =IF(COUNTIFS(_book!$D$2:$D$379,"?*",_book!$C$2:$C$379,$A10,_book!$A$2:$A$379,bkc_lob,_book!$B$2:$B$379,bkc_bu)<>1,"—",INDEX(_book!$DI$2:$DI$379,MATCH(bkf_lob&"|"&bkf_bu&"|"&$A10,_book!$E$2:$E$379,0))) -> — | I10: =IF(COUNTIFS(_book!$D$2:$D$379,"?*",_book!$C$2:$C$379,$A10,_book!$A$2:$A$379,bkc_lob,_book!$B$2:$B$379,bkc_bu)<>1,"—",INDEX(_book!$DJ$2:$DJ$379,MATCH(bkf_lob&"|"&bkf_bu&"|"&$A10,_book!$E$2:$E$379,0))) -> — | J10: =IF(COUNTIFS(_book!$D$2:$D$379,"?*",_book!$C$2:$C$379,$A10,_book!$A$2:$A$379,bkc_lob,_book!$B$2:$B$379,bkc_bu)<>1,"—",INDEX(_book!$DK$2:$DK$379,MATCH(bkf_lob&"|"&bkf_bu&"|"&$A10,_book!$E$2:$E$379,0))) -> — | K10: =IF(COUNTIFS(_book!$D$2:$D$379,"?*",_book!$C$2:$C$379,$A10,_book!$A$2:$A$379,bkc_lob,_book!$B$2:$B$379,bkc_bu)<>1,"—",INDEX(_book!$DL$2:$DL$379,MATCH(bkf_lob&"|"&bkf_bu&"|"&$A10,_book!$E$2:$E$379,0))) -> — | L10: =IF(COUNTIFS(_book!$D$2:$D$379,"?*",_book!$C$2:$C$379,$A10,_book!$A$2:$A$379,bkc_lob,_book!$B$2:$B$379,bkc_bu)<>1,"—",INDEX(_book!$DM$2:$DM$379,MATCH(bkf_lob&"|"&bkf_bu&"|"&$A10,_book!$E$2:$E$379,0))) -> — | M10: =IF(COUNTIFS(_book!$D$2:$D$379,"?*",_book!$C$2:$C$379,$A10,_book!$A$2:$A$379,bkc_lob,_book!$B$2:$B$379,bkc_bu)<>1,"—",INDEX(_book!$DN$2:$DN$379,MATCH(bkf_lob&"|"&bkf_bu&"|"&$A10,_book!$E$2:$E$379,0))) -> — | N10: =IF(COUNTIFS(_book!$D$2:$D$379,"?*",_book!$C$2:$C$379,$A10,_book!$A$2:$A$379,bkc_lob,_book!$B$2:$B$379,bkc_bu)<>1,"—",INDEX(_book!$DO$2:$DO$379,MATCH(bkf_lob&"|"&bkf_bu&"|"&$A10,_book!$E$2:$E$379,0))) -> — | O10: =IF(COUNTIFS(_book!$D$2:$D$379,"?*",_book!$C$2:$C$379,$A10,_book!$A$2:$A$379,bkc_lob,_book!$B$2:$B$379,bkc_bu)<>1,"—",INDEX(_book!$DP$2:$DP$379,MATCH(bkf_lob&"|"&bkf_bu&"|"&$A10,_book!$E$2:$E$379,0))) -> — | P10: =IF(COUNTIFS(_book!$D$2:$D$379,"?*",_book!$C$2:$C$379,$A10,_book!$A$2:$A$379,bkc_lob,_book!$B$2:$B$379,bkc_bu)<>1,"—",INDEX(_book!$DQ$2:$DQ$379,MATCH(bkf_lob&"|"&bkf_bu&"|"&$A10,_book!$E$2:$E$379,0))) -> — | Q10: =IF(COUNTIFS(_book!$D$2:$D$379,"?*",_book!$C$2:$C$379,$A10,_book!$A$2:$A$379,bkc_lob,_book!$B$2:$B$379,bkc_bu)<>1,"—",INDEX(_book!$DR$2:$DR$379,MATCH(bkf_lob&"|"&bkf_bu&"|"&$A10,_book!$E$2:$E$379,0))) -> — | R10: =SUMIFS(_book!$AC$2:$AC$379,_book!$C$2:$C$379,$A10,_book!$A$2:$A$379,bkc_lob,_book!$B$2:$B$379,bkc_bu) -> 6 | S10: =SUMIFS(_book!$AD$2:$AD$379,_book!$C$2:$C$379,$A10,_book!$A$2:$A$379,bkc_lob,_book!$B$2:$B$379,bkc_bu) -> 6 | T10: =IF(SUMIFS(_book!$F$2:$F$379,_book!$C$2:$C$379,$A10,_book!$A$2:$A$379,bkc_lob,_book!$B$2:$B$379,bkc_bu)=0,"—",SUMIFS(_book!$AH$2:$AH$379,_book!$C$2:$C$379,$A10,_book!$A$2:$A$379,bkc_lob,_book!$B$2:$B$379,bkc_bu)/SUMIFS(_book!$F$2:$F$379,_book!$C$2:$C$379,$A10,_book!$A$2:$A$379,bkc_lob,_book!$B$2:$B$379,bkc_bu)) -> 1.0166667 | U10: =IF(SUMIFS(_book!$F$2:$F$379,_book!$C$2:$C$379,$A10,_book!$A$2:$A$379,bkc_lob,_book!$B$2:$B$379,bkc_bu)=0,"—",SUMIFS(_book!$AI$2:$AI$379,_book!$C$2:$C$379,$A10,_book!$A$2:$A$379,bkc_lob,_book!$B$2:$B$379,bkc_bu)/SUMIFS(_book!$F$2:$F$379,_book!$C$2:$C$379,$A10,_book!$A$2:$A$379,bkc_lob,_book!$B$2:$B$379,bkc_bu)) -> 1.0183458 | V10: =IF(SUMIFS(_book!$F$2:$F$379,_book!$C$2:$C$379,$A10,_book!$A$2:$A$379,bkc_lob,_book!$B$2:$B$379,bkc_bu)=0,"—",SUMIFS(_book!$AJ$2:$AJ$379,_book!$C$2:$C$379,$A10,_book!$A$2:$A$379,bkc_lob,_book!$B$2:$B$379,bkc_bu)/SUMIFS(_book!$F$2:$F$379,_book!$C$2:$C$379,$A10,_book!$A$2:$A$379,bkc_lob,_book!$B$2:$B$379,bkc_bu)) -> 0.92497176 | W10: =IF(SUMIFS(_book!$F$2:$F$379,_book!$C$2:$C$379,$A10,_book!$A$2:$A$379,bkc_lob,_book!$B$2:$B$379,bkc_bu)=0,"—",SUMIFS(_book!$AN$2:$AN$379,_book!$C$2:$C$379,$A10,_book!$A$2:$A$379,bkc_lob,_book!$B$2:$B$379,bkc_bu)/SUMIFS(_book!$F$2:$F$379,_book!$C$2:$C$379,$A10,_book!$A$2:$A$379,bkc_lob,_book!$B$2:$B$379,bkc_bu)) -> 0.62481699 | X10: =IF(SUMIFS(_book!$F$2:$F$379,_book!$C$2:$C$379,$A10,_book!$A$2:$A$379,bkc_lob,_book!$B$2:$B$379,bkc_bu)=0,"—",SUMIFS(_book!$AK$2:$AK$379,_book!$C$2:$C$379,$A10,_book!$A$2:$A$379,bkc_lob,_book!$B$2:$B$379,bkc_bu)/SUMIFS(_book!$F$2:$F$379,_book!$C$2:$C$379,$A10,_book!$A$2:$A$379,bkc_lob,_book!$B$2:$B$379,bkc_bu)) -> 0.99840915 | Y10: =IF(SUMIFS(_book!$F$2:$F$379,_book!$C$2:$C$379,$A10,_book!$A$2:$A$379,bkc_lob,_book!$B$2:$B$379,bkc_bu)=0,"—",SUMIFS(_book!$AL$2:$AL$379,_book!$C$2:$C$379,$A10,_book!$A$2:$A$379,bkc_lob,_book!$B$2:$B$379,bkc_bu)/SUMIFS(_book!$F$2:$F$379,_book!$C$2:$C$379,$A10,_book!$A$2:$A$379,bkc_lob,_book!$B$2:$B$379,bkc_bu)) -> 1.0039481 | Z10: =IF(SUMIFS(_book!$F$2:$F$379,_book!$C$2:$C$379,$A10,_book!$A$2:$A$379,bkc_lob,_book!$B$2:$B$379,bkc_bu)=0,"—",SUMIFS(_book!$AM$2:$AM$379,_book!$C$2:$C$379,$A10,_book!$A$2:$A$379,bkc_lob,_book!$B$2:$B$379,bkc_bu)/SUMIFS(_book!$F$2:$F$379,_book!$C$2:$C$379,$A10,_book!$A$2:$A$379,bkc_lob,_book!$B$2:$B$379,bkc_bu)) -> 1.0066667 | AA10: =IF(COUNTIFS(_book!$D$2:$D$379,"?*",_book!$C$2:$C$379,$A10,_book!$A$2:$A$379,bkc_lob,_book!$B$2:$B$379,bkc_bu)=0,"",IF(COUNTIFS(_book!$D$2:$D$379,"?*",_book!$C$2:$C$379,$A10,_book!$A$2:$A$379,bkc_lob,_book!$B$2:$B$379,bkc_bu)=1,$W10*$X10*$Y10*$Z10,IF(SUMIFS(_book!$F$2:$F$379,_book!$C$2:$C$379,$A10,_book!$A$2:$A$379,bkc_lob,_book!$B$2:$B$379,bkc_bu)=0,"—",SUMIFS(_book!$AO$2:$AO$379,_book!$C$2:$C$379,$A10,_book!$A$2:$A$379,bkc_lob,_book!$B$2:$B$379,bkc_bu)/SUMIFS(_book!$F$2:$F$379,_book!$C$2:$C$379,$A10,_book!$A$2:$A$379,bkc_lob,_book!$B$2:$B$379,bkc_bu)))) -> 0.63049377 | AB10: =IF(COUNTIFS(_book!$D$2:$D$379,"?*",_book!$C$2:$C$379,$A10,_book!$A$2:$A$379,bkc_lob,_book!$B$2:$B$379,bkc_bu)<=1,"",($AA10-$W10*$X10*$Y10*$Z10)*100) -> 0.0032628341 | AC10: =IF(SUMIFS(_book!$F$2:$F$379,_book!$C$2:$C$379,$A10,_book!$A$2:$A$379,bkc_lob,_book!$B$2:$B$379,bkc_bu)=0,"—",SUMIFS(_book!$AQ$2:$AQ$379,_book!$C$2:$C$379,$A10,_book!$A$2:$A$379,bkc_lob,_book!$B$2:$B$379,bkc_bu)/SUMIFS(_book!$F$2:$F$379,_book!$C$2:$C$379,$A10,_book!$A$2:$A$379,bkc_lob,_book!$B$2:$B$379,bkc_bu)) -> 0 | AD10: =IF(SUMIFS(_book!$F$2:$F$379,_book!$C$2:$C$379,$A10,_book!$A$2:$A$379,bkc_lob,_book!$B$2:$B$379,bkc_bu)=0,"—",SUMIFS(_book!$AR$2:$AR$379,_book!$C$2:$C$379,$A10,_book!$A$2:$A$379,bkc_lob,_book!$B$2:$B$379,bkc_bu)/SUMIFS(_book!$F$2:$F$379,_book!$C$2:$C$379,$A10,_book!$A$2:$A$379,bkc_lob,_book!$B$2:$B$379,bkc_bu)) -> 0.99091832 | AE10: =IF(SUMIFS(_book!$F$2:$F$379,_book!$C$2:$C$379,$A10,_book!$A$2:$A$379,bkc_lob,_book!$B$2:$B$379,bkc_bu)=0,"—",SUMIFS(_book!$AS$2:$AS$379,_book!$C$2:$C$379,$A10,_book!$A$2:$A$379,bkc_lob,_book!$B$2:$B$379,bkc_bu)/SUMIFS(_book!$F$2:$F$379,_book!$C$2:$C$379,$A10,_book!$A$2:$A$379,bkc_lob,_book!$B$2:$B$379,bkc_bu)) -> 0.98557249 | AF10: =IF(COUNTIFS(_book!$D$2:$D$379,"?*",_book!$C$2:$C$379,$A10,_book!$A$2:$A$379,bkc_lob,_book!$B$2:$B$379,bkc_bu)=0,"",IF(COUNTIFS(_book!$D$2:$D$379,"?*",_book!$C$2:$C$379,$A10,_book!$A$2:$A$379,bkc_lob,_book!$B$2:$B$379,bkc_bu)=1,$W10*(1+$AC10)*$AD10*$AE10*$Z10,IF(SUMIFS(_book!$F$2:$F$379,_book!$C$2:$C$379,$A10,_book!$A$2:$A$379,bkc_lob,_book!$B$2:$B$379,bkc_bu)=0,"—",SUMIFS(_book!$AP$2:$AP$379,_book!$C$2:$C$379,$A10,_book!$A$2:$A$379,bkc_lob,_book!$B$2:$B$379,bkc_bu)/SUMIFS(_book!$F$2:$F$379,_book!$C$2:$C$379,$A10,_book!$A$2:$A$379,bkc_lob,_book!$B$2:$B$379,bkc_bu)))) -> 0.61409775 | AG10: =IF(COUNTIFS(_book!$D$2:$D$379,"?*",_book!$C$2:$C$379,$A10,_book!$A$2:$A$379,bkc_lob,_book!$B$2:$B$379,bkc_bu)=0,"",IF(SUMIFS(_book!$V$2:$V$379,_book!$C$2:$C$379,$A10,_book!$A$2:$A$379,bkc_lob,_book!$B$2:$B$379,bkc_bu)=0,"—",SUMIFS(_book!$W$2:$W$379,_book!$C$2:$C$379,$A10,_book!$A$2:$A$379,bkc_lob,_book!$B$2:$B$379,bkc_bu)/SUMIFS(_book!$V$2:$V$379,_book!$C$2:$C$379,$A10,_book!$A$2:$A$379,bkc_lob,_book!$B$2:$B$379,bkc_bu))) -> — | AH10: =IF(SUMIFS(_book!$V$2:$V$379,_book!$C$2:$C$379,$A10,_book!$A$2:$A$379,bkc_lob,_book!$B$2:$B$379,bkc_bu)=0,"—",IF(SUMIFS(_book!$F$2:$F$379,_book!$C$2:$C$379,$A10,_book!$A$2:$A$379,bkc_lob,_book!$B$2:$B$379,bkc_bu)=0,"—",SUMIFS(_book!$AT$2:$AT$379,_book!$C$2:$C$379,$A10,_book!$A$2:$A$379,bkc_lob,_book!$B$2:$B$379,bkc_bu)/SUMIFS(_book!$F$2:$F$379,_book!$C$2:$C$379,$A10,_book!$A$2:$A$379,bkc_lob,_book!$B$2:$B$379,bkc_bu))) -> — | AI10: =IF(SUMIFS(_book!$V$2:$V$379,_book!$C$2:$C$379,$A10,_book!$A$2:$A$379,bkc_lob,_book!$B$2:$B$379,bkc_bu)=0,"—",($AH10-$AA10)*100) -> —
A11: FL | B11: =SUMIFS(_book!$F$2:$F$379,_book!$C$2:$C$379,$A11,_book!$A$2:$A$379,bkc_lob,_book!$B$2:$B$379,bkc_bu) -> 714000 | C11: =IF(SUMIFS(_book!$F$2:$F$379,_book!$C$2:$C$379,$A11,_book!$A$2:$A$379,bkc_lob,_book!$B$2:$B$379,bkc_bu)=0,"—",SUMIFS(_book!$AV$2:$AV$379,_book!$C$2:$C$379,$A11,_book!$A$2:$A$379,bkc_lob,_book!$B$2:$B$379,bkc_bu)/SUMIFS(_book!$F$2:$F$379,_book!$C$2:$C$379,$A11,_book!$A$2:$A$379,bkc_lob,_book!$B$2:$B$379,bkc_bu)) -> 0.92858824 | D11: =IF(SUMIFS(_book!$F$2:$F$379,_book!$C$2:$C$379,$A11,_book!$A$2:$A$379,bkc_lob,_book!$B$2:$B$379,bkc_bu)=0,"—",SUMIFS(_book!$AW$2:$AW$379,_book!$C$2:$C$379,$A11,_book!$A$2:$A$379,bkc_lob,_book!$B$2:$B$379,bkc_bu)/SUMIFS(_book!$F$2:$F$379,_book!$C$2:$C$379,$A11,_book!$A$2:$A$379,bkc_lob,_book!$B$2:$B$379,bkc_bu)) -> 0.92168347 | E11: =IF(SUMIFS(_book!$F$2:$F$379,_book!$C$2:$C$379,$A11,_book!$A$2:$A$379,bkc_lob,_book!$B$2:$B$379,bkc_bu)=0,"—",SUMIFS(_book!$AX$2:$AX$379,_book!$C$2:$C$379,$A11,_book!$A$2:$A$379,bkc_lob,_book!$B$2:$B$379,bkc_bu)/SUMIFS(_book!$F$2:$F$379,_book!$C$2:$C$379,$A11,_book!$A$2:$A$379,bkc_lob,_book!$B$2:$B$379,bkc_bu)) -> 0.92168347 | F11: =IF(COUNTIFS(_book!$D$2:$D$379,"?*",_book!$C$2:$C$379,$A11,_book!$A$2:$A$379,bkc_lob,_book!$B$2:$B$379,bkc_bu)<>1,"—",INDEX(_book!$DG$2:$DG$379,MATCH(bkf_lob&"|"&bkf_bu&"|"&$A11,_book!$E$2:$E$379,0))) -> — | G11: =IF(COUNTIFS(_book!$D$2:$D$379,"?*",_book!$C$2:$C$379,$A11,_book!$A$2:$A$379,bkc_lob,_book!$B$2:$B$379,bkc_bu)<>1,"—",INDEX(_book!$DH$2:$DH$379,MATCH(bkf_lob&"|"&bkf_bu&"|"&$A11,_book!$E$2:$E$379,0))) -> — | H11: =IF(COUNTIFS(_book!$D$2:$D$379,"?*",_book!$C$2:$C$379,$A11,_book!$A$2:$A$379,bkc_lob,_book!$B$2:$B$379,bkc_bu)<>1,"—",INDEX(_book!$DI$2:$DI$379,MATCH(bkf_lob&"|"&bkf_bu&"|"&$A11,_book!$E$2:$E$379,0))) -> — | I11: =IF(COUNTIFS(_book!$D$2:$D$379,"?*",_book!$C$2:$C$379,$A11,_book!$A$2:$A$379,bkc_lob,_book!$B$2:$B$379,bkc_bu)<>1,"—",INDEX(_book!$DJ$2:$DJ$379,MATCH(bkf_lob&"|"&bkf_bu&"|"&$A11,_book!$E$2:$E$379,0))) -> — | J11: =IF(COUNTIFS(_book!$D$2:$D$379,"?*",_book!$C$2:$C$379,$A11,_book!$A$2:$A$379,bkc_lob,_book!$B$2:$B$379,bkc_bu)<>1,"—",INDEX(_book!$DK$2:$DK$379,MATCH(bkf_lob&"|"&bkf_bu&"|"&$A11,_book!$E$2:$E$379,0))) -> — | K11: =IF(COUNTIFS(_book!$D$2:$D$379,"?*",_book!$C$2:$C$379,$A11,_book!$A$2:$A$379,bkc_lob,_book!$B$2:$B$379,bkc_bu)<>1,"—",INDEX(_book!$DL$2:$DL$379,MATCH(bkf_lob&"|"&bkf_bu&"|"&$A11,_book!$E$2:$E$379,0))) -> — | L11: =IF(COUNTIFS(_book!$D$2:$D$379,"?*",_book!$C$2:$C$379,$A11,_book!$A$2:$A$379,bkc_lob,_book!$B$2:$B$379,bkc_bu)<>1,"—",INDEX(_book!$DM$2:$DM$379,MATCH(bkf_lob&"|"&bkf_bu&"|"&$A11,_book!$E$2:$E$379,0))) -> — | M11: =IF(COUNTIFS(_book!$D$2:$D$379,"?*",_book!$C$2:$C$379,$A11,_book!$A$2:$A$379,bkc_lob,_book!$B$2:$B$379,bkc_bu)<>1,"—",INDEX(_book!$DN$2:$DN$379,MATCH(bkf_lob&"|"&bkf_bu&"|"&$A11,_book!$E$2:$E$379,0))) -> — | N11: =IF(COUNTIFS(_book!$D$2:$D$379,"?*",_book!$C$2:$C$379,$A11,_book!$A$2:$A$379,bkc_lob,_book!$B$2:$B$379,bkc_bu)<>1,"—",INDEX(_book!$DO$2:$DO$379,MATCH(bkf_lob&"|"&bkf_bu&"|"&$A11,_book!$E$2:$E$379,0))) -> — | O11: =IF(COUNTIFS(_book!$D$2:$D$379,"?*",_book!$C$2:$C$379,$A11,_book!$A$2:$A$379,bkc_lob,_book!$B$2:$B$379,bkc_bu)<>1,"—",INDEX(_book!$DP$2:$DP$379,MATCH(bkf_lob&"|"&bkf_bu&"|"&$A11,_book!$E$2:$E$379,0))) -> — | P11: =IF(COUNTIFS(_book!$D$2:$D$379,"?*",_book!$C$2:$C$379,$A11,_book!$A$2:$A$379,bkc_lob,_book!$B$2:$B$379,bkc_bu)<>1,"—",INDEX(_book!$DQ$2:$DQ$379,MATCH(bkf_lob&"|"&bkf_bu&"|"&$A11,_book!$E$2:$E$379,0))) -> — | Q11: =IF(COUNTIFS(_book!$D$2:$D$379,"?*",_book!$C$2:$C$379,$A11,_book!$A$2:$A$379,bkc_lob,_book!$B$2:$B$379,bkc_bu)<>1,"—",INDEX(_book!$DR$2:$DR$379,MATCH(bkf_lob&"|"&bkf_bu&"|"&$A11,_book!$E$2:$E$379,0))) -> — | R11: =SUMIFS(_book!$AC$2:$AC$379,_book!$C$2:$C$379,$A11,_book!$A$2:$A$379,bkc_lob,_book!$B$2:$B$379,bkc_bu) -> 18 | S11: =SUMIFS(_book!$AD$2:$AD$379,_book!$C$2:$C$379,$A11,_book!$A$2:$A$379,bkc_lob,_book!$B$2:$B$379,bkc_bu) -> 12 | T11: =IF(SUMIFS(_book!$F$2:$F$379,_book!$C$2:$C$379,$A11,_book!$A$2:$A$379,bkc_lob,_book!$B$2:$B$379,bkc_bu)=0,"—",SUMIFS(_book!$AH$2:$AH$379,_book!$C$2:$C$379,$A11,_book!$A$2:$A$379,bkc_lob,_book!$B$2:$B$379,bkc_bu)/SUMIFS(_book!$F$2:$F$379,_book!$C$2:$C$379,$A11,_book!$A$2:$A$379,bkc_lob,_book!$B$2:$B$379,bkc_bu)) -> 1.0492857 | U11: =IF(SUMIFS(_book!$F$2:$F$379,_book!$C$2:$C$379,$A11,_book!$A$2:$A$379,bkc_lob,_book!$B$2:$B$379,bkc_bu)=0,"—",SUMIFS(_book!$AI$2:$AI$379,_book!$C$2:$C$379,$A11,_book!$A$2:$A$379,bkc_lob,_book!$B$2:$B$379,bkc_bu)/SUMIFS(_book!$F$2:$F$379,_book!$C$2:$C$379,$A11,_book!$A$2:$A$379,bkc_lob,_book!$B$2:$B$379,bkc_bu)) -> 1.048447 | V11: =IF(SUMIFS(_book!$F$2:$F$379,_book!$C$2:$C$379,$A11,_book!$A$2:$A$379,bkc_lob,_book!$B$2:$B$379,bkc_bu)=0,"—",SUMIFS(_book!$AJ$2:$AJ$379,_book!$C$2:$C$379,$A11,_book!$A$2:$A$379,bkc_lob,_book!$B$2:$B$379,bkc_bu)/SUMIFS(_book!$F$2:$F$379,_book!$C$2:$C$379,$A11,_book!$A$2:$A$379,bkc_lob,_book!$B$2:$B$379,bkc_bu)) -> 0.92168347 | W11: =IF(SUMIFS(_book!$F$2:$F$379,_book!$C$2:$C$379,$A11,_book!$A$2:$A$379,bkc_lob,_book!$B$2:$B$379,bkc_bu)=0,"—",SUMIFS(_book!$AN$2:$AN$379,_book!$C$2:$C$379,$A11,_book!$A$2:$A$379,bkc_lob,_book!$B$2:$B$379,bkc_bu)/SUMIFS(_book!$F$2:$F$379,_book!$C$2:$C$379,$A11,_book!$A$2:$A$379,bkc_lob,_book!$B$2:$B$379,bkc_bu)) -> 0.63808683 | X11: =IF(SUMIFS(_book!$F$2:$F$379,_book!$C$2:$C$379,$A11,_book!$A$2:$A$379,bkc_lob,_book!$B$2:$B$379,bkc_bu)=0,"—",SUMIFS(_book!$AK$2:$AK$379,_book!$C$2:$C$379,$A11,_book!$A$2:$A$379,bkc_lob,_book!$B$2:$B$379,bkc_bu)/SUMIFS(_book!$F$2:$F$379,_book!$C$2:$C$379,$A11,_book!$A$2:$A$379,bkc_lob,_book!$B$2:$B$379,bkc_bu)) -> 1.0007706 | Y11: =IF(SUMIFS(_book!$F$2:$F$379,_book!$C$2:$C$379,$A11,_book!$A$2:$A$379,bkc_lob,_book!$B$2:$B$379,bkc_bu)=0,"—",SUMIFS(_book!$AL$2:$AL$379,_book!$C$2:$C$379,$A11,_book!$A$2:$A$379,bkc_lob,_book!$B$2:$B$379,bkc_bu)/SUMIFS(_book!$F$2:$F$379,_book!$C$2:$C$379,$A11,_book!$A$2:$A$379,bkc_lob,_book!$B$2:$B$379,bkc_bu)) -> 1.0075477 | Z11: =IF(SUMIFS(_book!$F$2:$F$379,_book!$C$2:$C$379,$A11,_book!$A$2:$A$379,bkc_lob,_book!$B$2:$B$379,bkc_bu)=0,"—",SUMIFS(_book!$AM$2:$AM$379,_book!$C$2:$C$379,$A11,_book!$A$2:$A$379,bkc_lob,_book!$B$2:$B$379,bkc_bu)/SUMIFS(_book!$F$2:$F$379,_book!$C$2:$C$379,$A11,_book!$A$2:$A$379,bkc_lob,_book!$B$2:$B$379,bkc_bu)) -> 1 | AA11: =IF(COUNTIFS(_book!$D$2:$D$379,"?*",_book!$C$2:$C$379,$A11,_book!$A$2:$A$379,bkc_lob,_book!$B$2:$B$379,bkc_bu)=0,"",IF(COUNTIFS(_book!$D$2:$D$379,"?*",_book!$C$2:$C$379,$A11,_book!$A$2:$A$379,bkc_lob,_book!$B$2:$B$379,bkc_bu)=1,$W11*$X11*$Y11*$Z11,IF(SUMIFS(_book!$F$2:$F$379,_book!$C$2:$C$379,$A11,_book!$A$2:$A$379,bkc_lob,_book!$B$2:$B$379,bkc_bu)=0,"—",SUMIFS(_book!$AO$2:$AO$379,_book!$C$2:$C$379,$A11,_book!$A$2:$A$379,bkc_lob,_book!$B$2:$B$379,bkc_bu)/SUMIFS(_book!$F$2:$F$379,_book!$C$2:$C$379,$A11,_book!$A$2:$A$379,bkc_lob,_book!$B$2:$B$379,bkc_bu)))) -> 0.64337359 | AB11: =IF(COUNTIFS(_book!$D$2:$D$379,"?*",_book!$C$2:$C$379,$A11,_book!$A$2:$A$379,bkc_lob,_book!$B$2:$B$379,bkc_bu)<=1,"",($AA11-$W11*$X11*$Y11*$Z11)*100) -> -0.0024762515 | AC11: =IF(SUMIFS(_book!$F$2:$F$379,_book!$C$2:$C$379,$A11,_book!$A$2:$A$379,bkc_lob,_book!$B$2:$B$379,bkc_bu)=0,"—",SUMIFS(_book!$AQ$2:$AQ$379,_book!$C$2:$C$379,$A11,_book!$A$2:$A$379,bkc_lob,_book!$B$2:$B$379,bkc_bu)/SUMIFS(_book!$F$2:$F$379,_book!$C$2:$C$379,$A11,_book!$A$2:$A$379,bkc_lob,_book!$B$2:$B$379,bkc_bu)) -> 0 | AD11: =IF(SUMIFS(_book!$F$2:$F$379,_book!$C$2:$C$379,$A11,_book!$A$2:$A$379,bkc_lob,_book!$B$2:$B$379,bkc_bu)=0,"—",SUMIFS(_book!$AR$2:$AR$379,_book!$C$2:$C$379,$A11,_book!$A$2:$A$379,bkc_lob,_book!$B$2:$B$379,bkc_bu)/SUMIFS(_book!$F$2:$F$379,_book!$C$2:$C$379,$A11,_book!$A$2:$A$379,bkc_lob,_book!$B$2:$B$379,bkc_bu)) -> 0.97228572 | AE11: =IF(SUMIFS(_book!$F$2:$F$379,_book!$C$2:$C$379,$A11,_book!$A$2:$A$379,bkc_lob,_book!$B$2:$B$379,bkc_bu)=0,"—",SUMIFS(_book!$AS$2:$AS$379,_book!$C$2:$C$379,$A11,_book!$A$2:$A$379,bkc_lob,_book!$B$2:$B$379,bkc_bu)/SUMIFS(_book!$F$2:$F$379,_book!$C$2:$C$379,$A11,_book!$A$2:$A$379,bkc_lob,_book!$B$2:$B$379,bkc_bu)) -> 1.0075477 | AF11: =IF(COUNTIFS(_book!$D$2:$D$379,"?*",_book!$C$2:$C$379,$A11,_book!$A$2:$A$379,bkc_lob,_book!$B$2:$B$379,bkc_bu)=0,"",IF(COUNTIFS(_book!$D$2:$D$379,"?*",_book!$C$2:$C$379,$A11,_book!$A$2:$A$379,bkc_lob,_book!$B$2:$B$379,bkc_bu)=1,$W11*(1+$AC11)*$AD11*$AE11*$Z11,IF(SUMIFS(_book!$F$2:$F$379,_book!$C$2:$C$379,$A11,_book!$A$2:$A$379,bkc_lob,_book!$B$2:$B$379,bkc_bu)=0,"—",SUMIFS(_book!$AP$2:$AP$379,_book!$C$2:$C$379,$A11,_book!$A$2:$A$379,bkc_lob,_book!$B$2:$B$379,bkc_bu)/SUMIFS(_book!$F$2:$F$379,_book!$C$2:$C$379,$A11,_book!$A$2:$A$379,bkc_lob,_book!$B$2:$B$379,bkc_bu)))) -> 0.6251805 | AG11: =IF(COUNTIFS(_book!$D$2:$D$379,"?*",_book!$C$2:$C$379,$A11,_book!$A$2:$A$379,bkc_lob,_book!$B$2:$B$379,bkc_bu)=0,"",IF(SUMIFS(_book!$V$2:$V$379,_book!$C$2:$C$379,$A11,_book!$A$2:$A$379,bkc_lob,_book!$B$2:$B$379,bkc_bu)=0,"—",SUMIFS(_book!$W$2:$W$379,_book!$C$2:$C$379,$A11,_book!$A$2:$A$379,bkc_lob,_book!$B$2:$B$379,bkc_bu)/SUMIFS(_book!$V$2:$V$379,_book!$C$2:$C$379,$A11,_book!$A$2:$A$379,bkc_lob,_book!$B$2:$B$379,bkc_bu))) -> — | AH11: =IF(SUMIFS(_book!$V$2:$V$379,_book!$C$2:$C$379,$A11,_book!$A$2:$A$379,bkc_lob,_book!$B$2:$B$379,bkc_bu)=0,"—",IF(SUMIFS(_book!$F$2:$F$379,_book!$C$2:$C$379,$A11,_book!$A$2:$A$379,bkc_lob,_book!$B$2:$B$379,bkc_bu)=0,"—",SUMIFS(_book!$AT$2:$AT$379,_book!$C$2:$C$379,$A11,_book!$A$2:$A$379,bkc_lob,_book!$B$2:$B$379,bkc_bu)/SUMIFS(_book!$F$2:$F$379,_book!$C$2:$C$379,$A11,_book!$A$2:$A$379,bkc_lob,_book!$B$2:$B$379,bkc_bu))) -> — | AI11: =IF(SUMIFS(_book!$V$2:$V$379,_book!$C$2:$C$379,$A11,_book!$A$2:$A$379,bkc_lob,_book!$B$2:$B$379,bkc_bu)=0,"—",($AH11-$AA11)*100) -> —
A12: GA | B12: =SUMIFS(_book!$F$2:$F$379,_book!$C$2:$C$379,$A12,_book!$A$2:$A$379,bkc_lob,_book!$B$2:$B$379,bkc_bu) -> 510000 | C12: =IF(SUMIFS(_book!$F$2:$F$379,_book!$C$2:$C$379,$A12,_book!$A$2:$A$379,bkc_lob,_book!$B$2:$B$379,bkc_bu)=0,"—",SUMIFS(_book!$AV$2:$AV$379,_book!$C$2:$C$379,$A12,_book!$A$2:$A$379,bkc_lob,_book!$B$2:$B$379,bkc_bu)/SUMIFS(_book!$F$2:$F$379,_book!$C$2:$C$379,$A12,_book!$A$2:$A$379,bkc_lob,_book!$B$2:$B$379,bkc_bu)) -> 0.92858824 | D12: =IF(SUMIFS(_book!$F$2:$F$379,_book!$C$2:$C$379,$A12,_book!$A$2:$A$379,bkc_lob,_book!$B$2:$B$379,bkc_bu)=0,"—",SUMIFS(_book!$AW$2:$AW$379,_book!$C$2:$C$379,$A12,_book!$A$2:$A$379,bkc_lob,_book!$B$2:$B$379,bkc_bu)/SUMIFS(_book!$F$2:$F$379,_book!$C$2:$C$379,$A12,_book!$A$2:$A$379,bkc_lob,_book!$B$2:$B$379,bkc_bu)) -> 0.91858824 | E12: =IF(SUMIFS(_book!$F$2:$F$379,_book!$C$2:$C$379,$A12,_book!$A$2:$A$379,bkc_lob,_book!$B$2:$B$379,bkc_bu)=0,"—",SUMIFS(_book!$AX$2:$AX$379,_book!$C$2:$C$379,$A12,_book!$A$2:$A$379,bkc_lob,_book!$B$2:$B$379,bkc_bu)/SUMIFS(_book!$F$2:$F$379,_book!$C$2:$C$379,$A12,_book!$A$2:$A$379,bkc_lob,_book!$B$2:$B$379,bkc_bu)) -> 0.93358824 | F12: =IF(COUNTIFS(_book!$D$2:$D$379,"?*",_book!$C$2:$C$379,$A12,_book!$A$2:$A$379,bkc_lob,_book!$B$2:$B$379,bkc_bu)<>1,"—",INDEX(_book!$DG$2:$DG$379,MATCH(bkf_lob&"|"&bkf_bu&"|"&$A12,_book!$E$2:$E$379,0))) -> — | G12: =IF(COUNTIFS(_book!$D$2:$D$379,"?*",_book!$C$2:$C$379,$A12,_book!$A$2:$A$379,bkc_lob,_book!$B$2:$B$379,bkc_bu)<>1,"—",INDEX(_book!$DH$2:$DH$379,MATCH(bkf_lob&"|"&bkf_bu&"|"&$A12,_book!$E$2:$E$379,0))) -> — | H12: =IF(COUNTIFS(_book!$D$2:$D$379,"?*",_book!$C$2:$C$379,$A12,_book!$A$2:$A$379,bkc_lob,_book!$B$2:$B$379,bkc_bu)<>1,"—",INDEX(_book!$DI$2:$DI$379,MATCH(bkf_lob&"|"&bkf_bu&"|"&$A12,_book!$E$2:$E$379,0))) -> — | I12: =IF(COUNTIFS(_book!$D$2:$D$379,"?*",_book!$C$2:$C$379,$A12,_book!$A$2:$A$379,bkc_lob,_book!$B$2:$B$379,bkc_bu)<>1,"—",INDEX(_book!$DJ$2:$DJ$379,MATCH(bkf_lob&"|"&bkf_bu&"|"&$A12,_book!$E$2:$E$379,0))) -> — | J12: =IF(COUNTIFS(_book!$D$2:$D$379,"?*",_book!$C$2:$C$379,$A12,_book!$A$2:$A$379,bkc_lob,_book!$B$2:$B$379,bkc_bu)<>1,"—",INDEX(_book!$DK$2:$DK$379,MATCH(bkf_lob&"|"&bkf_bu&"|"&$A12,_book!$E$2:$E$379,0))) -> — | K12: =IF(COUNTIFS(_book!$D$2:$D$379,"?*",_book!$C$2:$C$379,$A12,_book!$A$2:$A$379,bkc_lob,_book!$B$2:$B$379,bkc_bu)<>1,"—",INDEX(_book!$DL$2:$DL$379,MATCH(bkf_lob&"|"&bkf_bu&"|"&$A12,_book!$E$2:$E$379,0))) -> — | L12: =IF(COUNTIFS(_book!$D$2:$D$379,"?*",_book!$C$2:$C$379,$A12,_book!$A$2:$A$379,bkc_lob,_book!$B$2:$B$379,bkc_bu)<>1,"—",INDEX(_book!$DM$2:$DM$379,MATCH(bkf_lob&"|"&bkf_bu&"|"&$A12,_book!$E$2:$E$379,0))) -> — | M12: =IF(COUNTIFS(_book!$D$2:$D$379,"?*",_book!$C$2:$C$379,$A12,_book!$A$2:$A$379,bkc_lob,_book!$B$2:$B$379,bkc_bu)<>1,"—",INDEX(_book!$DN$2:$DN$379,MATCH(bkf_lob&"|"&bkf_bu&"|"&$A12,_book!$E$2:$E$379,0))) -> — | N12: =IF(COUNTIFS(_book!$D$2:$D$379,"?*",_book!$C$2:$C$379,$A12,_book!$A$2:$A$379,bkc_lob,_book!$B$2:$B$379,bkc_bu)<>1,"—",INDEX(_book!$DO$2:$DO$379,MATCH(bkf_lob&"|"&bkf_bu&"|"&$A12,_book!$E$2:$E$379,0))) -> — | O12: =IF(COUNTIFS(_book!$D$2:$D$379,"?*",_book!$C$2:$C$379,$A12,_book!$A$2:$A$379,bkc_lob,_book!$B$2:$B$379,bkc_bu)<>1,"—",INDEX(_book!$DP$2:$DP$379,MATCH(bkf_lob&"|"&bkf_bu&"|"&$A12,_book!$E$2:$E$379,0))) -> — | P12: =IF(COUNTIFS(_book!$D$2:$D$379,"?*",_book!$C$2:$C$379,$A12,_book!$A$2:$A$379,bkc_lob,_book!$B$2:$B$379,bkc_bu)<>1,"—",INDEX(_book!$DQ$2:$DQ$379,MATCH(bkf_lob&"|"&bkf_bu&"|"&$A12,_book!$E$2:$E$379,0))) -> — | Q12: =IF(COUNTIFS(_book!$D$2:$D$379,"?*",_book!$C$2:$C$379,$A12,_book!$A$2:$A$379,bkc_lob,_book!$B$2:$B$379,bkc_bu)<>1,"—",INDEX(_book!$DR$2:$DR$379,MATCH(bkf_lob&"|"&bkf_bu&"|"&$A12,_book!$E$2:$E$379,0))) -> — | R12: =SUMIFS(_book!$AC$2:$AC$379,_book!$C$2:$C$379,$A12,_book!$A$2:$A$379,bkc_lob,_book!$B$2:$B$379,bkc_bu) -> 12 | S12: =SUMIFS(_book!$AD$2:$AD$379,_book!$C$2:$C$379,$A12,_book!$A$2:$A$379,bkc_lob,_book!$B$2:$B$379,bkc_bu) -> 6 | T12: =IF(SUMIFS(_book!$F$2:$F$379,_book!$C$2:$C$379,$A12,_book!$A$2:$A$379,bkc_lob,_book!$B$2:$B$379,bkc_bu)=0,"—",SUMIFS(_book!$AH$2:$AH$379,_book!$C$2:$C$379,$A12,_book!$A$2:$A$379,bkc_lob,_book!$B$2:$B$379,bkc_bu)/SUMIFS(_book!$F$2:$F$379,_book!$C$2:$C$379,$A12,_book!$A$2:$A$379,bkc_lob,_book!$B$2:$B$379,bkc_bu)) -> 1.0246667 | U12: =IF(SUMIFS(_book!$F$2:$F$379,_book!$C$2:$C$379,$A12,_book!$A$2:$A$379,bkc_lob,_book!$B$2:$B$379,bkc_bu)=0,"—",SUMIFS(_book!$AI$2:$AI$379,_book!$C$2:$C$379,$A12,_book!$A$2:$A$379,bkc_lob,_book!$B$2:$B$379,bkc_bu)/SUMIFS(_book!$F$2:$F$379,_book!$C$2:$C$379,$A12,_book!$A$2:$A$379,bkc_lob,_book!$B$2:$B$379,bkc_bu)) -> 1.02611 | V12: =IF(SUMIFS(_book!$F$2:$F$379,_book!$C$2:$C$379,$A12,_book!$A$2:$A$379,bkc_lob,_book!$B$2:$B$379,bkc_bu)=0,"—",SUMIFS(_book!$AJ$2:$AJ$379,_book!$C$2:$C$379,$A12,_book!$A$2:$A$379,bkc_lob,_book!$B$2:$B$379,bkc_bu)/SUMIFS(_book!$F$2:$F$379,_book!$C$2:$C$379,$A12,_book!$A$2:$A$379,bkc_lob,_book!$B$2:$B$379,bkc_bu)) -> 0.92172289 | W12: =IF(SUMIFS(_book!$F$2:$F$379,_book!$C$2:$C$379,$A12,_book!$A$2:$A$379,bkc_lob,_book!$B$2:$B$379,bkc_bu)=0,"—",SUMIFS(_book!$AN$2:$AN$379,_book!$C$2:$C$379,$A12,_book!$A$2:$A$379,bkc_lob,_book!$B$2:$B$379,bkc_bu)/SUMIFS(_book!$F$2:$F$379,_book!$C$2:$C$379,$A12,_book!$A$2:$A$379,bkc_lob,_book!$B$2:$B$379,bkc_bu)) -> 0.63663922 | X12: =IF(SUMIFS(_book!$F$2:$F$379,_book!$C$2:$C$379,$A12,_book!$A$2:$A$379,bkc_lob,_book!$B$2:$B$379,bkc_bu)=0,"—",SUMIFS(_book!$AK$2:$AK$379,_book!$C$2:$C$379,$A12,_book!$A$2:$A$379,bkc_lob,_book!$B$2:$B$379,bkc_bu)/SUMIFS(_book!$F$2:$F$379,_book!$C$2:$C$379,$A12,_book!$A$2:$A$379,bkc_lob,_book!$B$2:$B$379,bkc_bu)) -> 0.99856962 | Y12: =IF(SUMIFS(_book!$F$2:$F$379,_book!$C$2:$C$379,$A12,_book!$A$2:$A$379,bkc_lob,_book!$B$2:$B$379,bkc_bu)=0,"—",SUMIFS(_book!$AL$2:$AL$379,_book!$C$2:$C$379,$A12,_book!$A$2:$A$379,bkc_lob,_book!$B$2:$B$379,bkc_bu)/SUMIFS(_book!$F$2:$F$379,_book!$C$2:$C$379,$A12,_book!$A$2:$A$379,bkc_lob,_book!$B$2:$B$379,bkc_bu)) -> 1.0074786 | Z12: =IF(SUMIFS(_book!$F$2:$F$379,_book!$C$2:$C$379,$A12,_book!$A$2:$A$379,bkc_lob,_book!$B$2:$B$379,bkc_bu)=0,"—",SUMIFS(_book!$AM$2:$AM$379,_book!$C$2:$C$379,$A12,_book!$A$2:$A$379,bkc_lob,_book!$B$2:$B$379,bkc_bu)/SUMIFS(_book!$F$2:$F$379,_book!$C$2:$C$379,$A12,_book!$A$2:$A$379,bkc_lob,_book!$B$2:$B$379,bkc_bu)) -> 1 | AA12: =IF(COUNTIFS(_book!$D$2:$D$379,"?*",_book!$C$2:$C$379,$A12,_book!$A$2:$A$379,bkc_lob,_book!$B$2:$B$379,bkc_bu)=0,"",IF(COUNTIFS(_book!$D$2:$D$379,"?*",_book!$C$2:$C$379,$A12,_book!$A$2:$A$379,bkc_lob,_book!$B$2:$B$379,bkc_bu)=1,$W12*$X12*$Y12*$Z12,IF(SUMIFS(_book!$F$2:$F$379,_book!$C$2:$C$379,$A12,_book!$A$2:$A$379,bkc_lob,_book!$B$2:$B$379,bkc_bu)=0,"—",SUMIFS(_book!$AO$2:$AO$379,_book!$C$2:$C$379,$A12,_book!$A$2:$A$379,bkc_lob,_book!$B$2:$B$379,bkc_bu)/SUMIFS(_book!$F$2:$F$379,_book!$C$2:$C$379,$A12,_book!$A$2:$A$379,bkc_lob,_book!$B$2:$B$379,bkc_bu)))) -> 0.6404618 | AB12: =IF(COUNTIFS(_book!$D$2:$D$379,"?*",_book!$C$2:$C$379,$A12,_book!$A$2:$A$379,bkc_lob,_book!$B$2:$B$379,bkc_bu)<=1,"",($AA12-$W12*$X12*$Y12*$Z12)*100) -> -0.0021116398 | AC12: =IF(SUMIFS(_book!$F$2:$F$379,_book!$C$2:$C$379,$A12,_book!$A$2:$A$379,bkc_lob,_book!$B$2:$B$379,bkc_bu)=0,"—",SUMIFS(_book!$AQ$2:$AQ$379,_book!$C$2:$C$379,$A12,_book!$A$2:$A$379,bkc_lob,_book!$B$2:$B$379,bkc_bu)/SUMIFS(_book!$F$2:$F$379,_book!$C$2:$C$379,$A12,_book!$A$2:$A$379,bkc_lob,_book!$B$2:$B$379,bkc_bu)) -> 0 | AD12: =IF(SUMIFS(_book!$F$2:$F$379,_book!$C$2:$C$379,$A12,_book!$A$2:$A$379,bkc_lob,_book!$B$2:$B$379,bkc_bu)=0,"—",SUMIFS(_book!$AR$2:$AR$379,_book!$C$2:$C$379,$A12,_book!$A$2:$A$379,bkc_lob,_book!$B$2:$B$379,bkc_bu)/SUMIFS(_book!$F$2:$F$379,_book!$C$2:$C$379,$A12,_book!$A$2:$A$379,bkc_lob,_book!$B$2:$B$379,bkc_bu)) -> 0.98820263 | AE12: =IF(SUMIFS(_book!$F$2:$F$379,_book!$C$2:$C$379,$A12,_book!$A$2:$A$379,bkc_lob,_book!$B$2:$B$379,bkc_bu)=0,"—",SUMIFS(_book!$AS$2:$AS$379,_book!$C$2:$C$379,$A12,_book!$A$2:$A$379,bkc_lob,_book!$B$2:$B$379,bkc_bu)/SUMIFS(_book!$F$2:$F$379,_book!$C$2:$C$379,$A12,_book!$A$2:$A$379,bkc_lob,_book!$B$2:$B$379,bkc_bu)) -> 0.996707 | AF12: =IF(COUNTIFS(_book!$D$2:$D$379,"?*",_book!$C$2:$C$379,$A12,_book!$A$2:$A$379,bkc_lob,_book!$B$2:$B$379,bkc_bu)=0,"",IF(COUNTIFS(_book!$D$2:$D$379,"?*",_book!$C$2:$C$379,$A12,_book!$A$2:$A$379,bkc_lob,_book!$B$2:$B$379,bkc_bu)=1,$W12*(1+$AC12)*$AD12*$AE12*$Z12,IF(SUMIFS(_book!$F$2:$F$379,_book!$C$2:$C$379,$A12,_book!$A$2:$A$379,bkc_lob,_book!$B$2:$B$379,bkc_bu)=0,"—",SUMIFS(_book!$AP$2:$AP$379,_book!$C$2:$C$379,$A12,_book!$A$2:$A$379,bkc_lob,_book!$B$2:$B$379,bkc_bu)/SUMIFS(_book!$F$2:$F$379,_book!$C$2:$C$379,$A12,_book!$A$2:$A$379,bkc_lob,_book!$B$2:$B$379,bkc_bu)))) -> 0.62688653 | AG12: =IF(COUNTIFS(_book!$D$2:$D$379,"?*",_book!$C$2:$C$379,$A12,_book!$A$2:$A$379,bkc_lob,_book!$B$2:$B$379,bkc_bu)=0,"",IF(SUMIFS(_book!$V$2:$V$379,_book!$C$2:$C$379,$A12,_book!$A$2:$A$379,bkc_lob,_book!$B$2:$B$379,bkc_bu)=0,"—",SUMIFS(_book!$W$2:$W$379,_book!$C$2:$C$379,$A12,_book!$A$2:$A$379,bkc_lob,_book!$B$2:$B$379,bkc_bu)/SUMIFS(_book!$V$2:$V$379,_book!$C$2:$C$379,$A12,_book!$A$2:$A$379,bkc_lob,_book!$B$2:$B$379,bkc_bu))) -> — | AH12: =IF(SUMIFS(_book!$V$2:$V$379,_book!$C$2:$C$379,$A12,_book!$A$2:$A$379,bkc_lob,_book!$B$2:$B$379,bkc_bu)=0,"—",IF(SUMIFS(_book!$F$2:$F$379,_book!$C$2:$C$379,$A12,_book!$A$2:$A$379,bkc_lob,_book!$B$2:$B$379,bkc_bu)=0,"—",SUMIFS(_book!$AT$2:$AT$379,_book!$C$2:$C$379,$A12,_book!$A$2:$A$379,bkc_lob,_book!$B$2:$B$379,bkc_bu)/SUMIFS(_book!$F$2:$F$379,_book!$C$2:$C$379,$A12,_book!$A$2:$A$379,bkc_lob,_book!$B$2:$B$379,bkc_bu))) -> — | AI12: =IF(SUMIFS(_book!$V$2:$V$379,_book!$C$2:$C$379,$A12,_book!$A$2:$A$379,bkc_lob,_book!$B$2:$B$379,bkc_bu)=0,"—",($AH12-$AA12)*100) -> —
A13: IA | B13: =SUMIFS(_book!$F$2:$F$379,_book!$C$2:$C$379,$A13,_book!$A$2:$A$379,bkc_lob,_book!$B$2:$B$379,bkc_bu) -> 1173000 | C13: =IF(SUMIFS(_book!$F$2:$F$379,_book!$C$2:$C$379,$A13,_book!$A$2:$A$379,bkc_lob,_book!$B$2:$B$379,bkc_bu)=0,"—",SUMIFS(_book!$AV$2:$AV$379,_book!$C$2:$C$379,$A13,_book!$A$2:$A$379,bkc_lob,_book!$B$2:$B$379,bkc_bu)/SUMIFS(_book!$F$2:$F$379,_book!$C$2:$C$379,$A13,_book!$A$2:$A$379,bkc_lob,_book!$B$2:$B$379,bkc_bu)) -> 0.92858824 | D13: =IF(SUMIFS(_book!$F$2:$F$379,_book!$C$2:$C$379,$A13,_book!$A$2:$A$379,bkc_lob,_book!$B$2:$B$379,bkc_bu)=0,"—",SUMIFS(_book!$AW$2:$AW$379,_book!$C$2:$C$379,$A13,_book!$A$2:$A$379,bkc_lob,_book!$B$2:$B$379,bkc_bu)/SUMIFS(_book!$F$2:$F$379,_book!$C$2:$C$379,$A13,_book!$A$2:$A$379,bkc_lob,_book!$B$2:$B$379,bkc_bu)) -> 0.91858824 | E13: =IF(SUMIFS(_book!$F$2:$F$379,_book!$C$2:$C$379,$A13,_book!$A$2:$A$379,bkc_lob,_book!$B$2:$B$379,bkc_bu)=0,"—",SUMIFS(_book!$AX$2:$AX$379,_book!$C$2:$C$379,$A13,_book!$A$2:$A$379,bkc_lob,_book!$B$2:$B$379,bkc_bu)/SUMIFS(_book!$F$2:$F$379,_book!$C$2:$C$379,$A13,_book!$A$2:$A$379,bkc_lob,_book!$B$2:$B$379,bkc_bu)) -> 0.91358824 | F13: =IF(COUNTIFS(_book!$D$2:$D$379,"?*",_book!$C$2:$C$379,$A13,_book!$A$2:$A$379,bkc_lob,_book!$B$2:$B$379,bkc_bu)<>1,"—",INDEX(_book!$DG$2:$DG$379,MATCH(bkf_lob&"|"&bkf_bu&"|"&$A13,_book!$E$2:$E$379,0))) -> — | G13: =IF(COUNTIFS(_book!$D$2:$D$379,"?*",_book!$C$2:$C$379,$A13,_book!$A$2:$A$379,bkc_lob,_book!$B$2:$B$379,bkc_bu)<>1,"—",INDEX(_book!$DH$2:$DH$379,MATCH(bkf_lob&"|"&bkf_bu&"|"&$A13,_book!$E$2:$E$379,0))) -> — | H13: =IF(COUNTIFS(_book!$D$2:$D$379,"?*",_book!$C$2:$C$379,$A13,_book!$A$2:$A$379,bkc_lob,_book!$B$2:$B$379,bkc_bu)<>1,"—",INDEX(_book!$DI$2:$DI$379,MATCH(bkf_lob&"|"&bkf_bu&"|"&$A13,_book!$E$2:$E$379,0))) -> — | I13: =IF(COUNTIFS(_book!$D$2:$D$379,"?*",_book!$C$2:$C$379,$A13,_book!$A$2:$A$379,bkc_lob,_book!$B$2:$B$379,bkc_bu)<>1,"—",INDEX(_book!$DJ$2:$DJ$379,MATCH(bkf_lob&"|"&bkf_bu&"|"&$A13,_book!$E$2:$E$379,0))) -> — | J13: =IF(COUNTIFS(_book!$D$2:$D$379,"?*",_book!$C$2:$C$379,$A13,_book!$A$2:$A$379,bkc_lob,_book!$B$2:$B$379,bkc_bu)<>1,"—",INDEX(_book!$DK$2:$DK$379,MATCH(bkf_lob&"|"&bkf_bu&"|"&$A13,_book!$E$2:$E$379,0))) -> — | K13: =IF(COUNTIFS(_book!$D$2:$D$379,"?*",_book!$C$2:$C$379,$A13,_book!$A$2:$A$379,bkc_lob,_book!$B$2:$B$379,bkc_bu)<>1,"—",INDEX(_book!$DL$2:$DL$379,MATCH(bkf_lob&"|"&bkf_bu&"|"&$A13,_book!$E$2:$E$379,0))) -> — | L13: =IF(COUNTIFS(_book!$D$2:$D$379,"?*",_book!$C$2:$C$379,$A13,_book!$A$2:$A$379,bkc_lob,_book!$B$2:$B$379,bkc_bu)<>1,"—",INDEX(_book!$DM$2:$DM$379,MATCH(bkf_lob&"|"&bkf_bu&"|"&$A13,_book!$E$2:$E$379,0))) -> — | M13: =IF(COUNTIFS(_book!$D$2:$D$379,"?*",_book!$C$2:$C$379,$A13,_book!$A$2:$A$379,bkc_lob,_book!$B$2:$B$379,bkc_bu)<>1,"—",INDEX(_book!$DN$2:$DN$379,MATCH(bkf_lob&"|"&bkf_bu&"|"&$A13,_book!$E$2:$E$379,0))) -> — | N13: =IF(COUNTIFS(_book!$D$2:$D$379,"?*",_book!$C$2:$C$379,$A13,_book!$A$2:$A$379,bkc_lob,_book!$B$2:$B$379,bkc_bu)<>1,"—",INDEX(_book!$DO$2:$DO$379,MATCH(bkf_lob&"|"&bkf_bu&"|"&$A13,_book!$E$2:$E$379,0))) -> — | O13: =IF(COUNTIFS(_book!$D$2:$D$379,"?*",_book!$C$2:$C$379,$A13,_book!$A$2:$A$379,bkc_lob,_book!$B$2:$B$379,bkc_bu)<>1,"—",INDEX(_book!$DP$2:$DP$379,MATCH(bkf_lob&"|"&bkf_bu&"|"&$A13,_book!$E$2:$E$379,0))) -> — | P13: =IF(COUNTIFS(_book!$D$2:$D$379,"?*",_book!$C$2:$C$379,$A13,_book!$A$2:$A$379,bkc_lob,_book!$B$2:$B$379,bkc_bu)<>1,"—",INDEX(_book!$DQ$2:$DQ$379,MATCH(bkf_lob&"|"&bkf_bu&"|"&$A13,_book!$E$2:$E$379,0))) -> — | Q13: =IF(COUNTIFS(_book!$D$2:$D$379,"?*",_book!$C$2:$C$379,$A13,_book!$A$2:$A$379,bkc_lob,_book!$B$2:$B$379,bkc_bu)<>1,"—",INDEX(_book!$DR$2:$DR$379,MATCH(bkf_lob&"|"&bkf_bu&"|"&$A13,_book!$E$2:$E$379,0))) -> — | R13: =SUMIFS(_book!$AC$2:$AC$379,_book!$C$2:$C$379,$A13,_book!$A$2:$A$379,bkc_lob,_book!$B$2:$B$379,bkc_bu) -> 6 | S13: =SUMIFS(_book!$AD$2:$AD$379,_book!$C$2:$C$379,$A13,_book!$A$2:$A$379,bkc_lob,_book!$B$2:$B$379,bkc_bu) -> 6 | T13: =IF(SUMIFS(_book!$F$2:$F$379,_book!$C$2:$C$379,$A13,_book!$A$2:$A$379,bkc_lob,_book!$B$2:$B$379,bkc_bu)=0,"—",SUMIFS(_book!$AH$2:$AH$379,_book!$C$2:$C$379,$A13,_book!$A$2:$A$379,bkc_lob,_book!$B$2:$B$379,bkc_bu)/SUMIFS(_book!$F$2:$F$379,_book!$C$2:$C$379,$A13,_book!$A$2:$A$379,bkc_lob,_book!$B$2:$B$379,bkc_bu)) -> 1.0143478 | U13: =IF(SUMIFS(_book!$F$2:$F$379,_book!$C$2:$C$379,$A13,_book!$A$2:$A$379,bkc_lob,_book!$B$2:$B$379,bkc_bu)=0,"—",SUMIFS(_book!$AI$2:$AI$379,_book!$C$2:$C$379,$A13,_book!$A$2:$A$379,bkc_lob,_book!$B$2:$B$379,bkc_bu)/SUMIFS(_book!$F$2:$F$379,_book!$C$2:$C$379,$A13,_book!$A$2:$A$379,bkc_lob,_book!$B$2:$B$379,bkc_bu)) -> 1.0155308 | V13: =IF(SUMIFS(_book!$F$2:$F$379,_book!$C$2:$C$379,$A13,_book!$A$2:$A$379,bkc_lob,_book!$B$2:$B$379,bkc_bu)=0,"—",SUMIFS(_book!$AJ$2:$AJ$379,_book!$C$2:$C$379,$A13,_book!$A$2:$A$379,bkc_lob,_book!$B$2:$B$379,bkc_bu)/SUMIFS(_book!$F$2:$F$379,_book!$C$2:$C$379,$A13,_book!$A$2:$A$379,bkc_lob,_book!$B$2:$B$379,bkc_bu)) -> 0.91724061 | W13: =IF(SUMIFS(_book!$F$2:$F$379,_book!$C$2:$C$379,$A13,_book!$A$2:$A$379,bkc_lob,_book!$B$2:$B$379,bkc_bu)=0,"—",SUMIFS(_book!$AN$2:$AN$379,_book!$C$2:$C$379,$A13,_book!$A$2:$A$379,bkc_lob,_book!$B$2:$B$379,bkc_bu)/SUMIFS(_book!$F$2:$F$379,_book!$C$2:$C$379,$A13,_book!$A$2:$A$379,bkc_lob,_book!$B$2:$B$379,bkc_bu)) -> 0.63616965 | X13: =IF(SUMIFS(_book!$F$2:$F$379,_book!$C$2:$C$379,$A13,_book!$A$2:$A$379,bkc_lob,_book!$B$2:$B$379,bkc_bu)=0,"—",SUMIFS(_book!$AK$2:$AK$379,_book!$C$2:$C$379,$A13,_book!$A$2:$A$379,bkc_lob,_book!$B$2:$B$379,bkc_bu)/SUMIFS(_book!$F$2:$F$379,_book!$C$2:$C$379,$A13,_book!$A$2:$A$379,bkc_lob,_book!$B$2:$B$379,bkc_bu)) -> 0.9988734 | Y13: =IF(SUMIFS(_book!$F$2:$F$379,_book!$C$2:$C$379,$A13,_book!$A$2:$A$379,bkc_lob,_book!$B$2:$B$379,bkc_bu)=0,"—",SUMIFS(_book!$AL$2:$AL$379,_book!$C$2:$C$379,$A13,_book!$A$2:$A$379,bkc_lob,_book!$B$2:$B$379,bkc_bu)/SUMIFS(_book!$F$2:$F$379,_book!$C$2:$C$379,$A13,_book!$A$2:$A$379,bkc_lob,_book!$B$2:$B$379,bkc_bu)) -> 1.0124231 | Z13: =IF(SUMIFS(_book!$F$2:$F$379,_book!$C$2:$C$379,$A13,_book!$A$2:$A$379,bkc_lob,_book!$B$2:$B$379,bkc_bu)=0,"—",SUMIFS(_book!$AM$2:$AM$379,_book!$C$2:$C$379,$A13,_book!$A$2:$A$379,bkc_lob,_book!$B$2:$B$379,bkc_bu)/SUMIFS(_book!$F$2:$F$379,_book!$C$2:$C$379,$A13,_book!$A$2:$A$379,bkc_lob,_book!$B$2:$B$379,bkc_bu)) -> 1 | AA13: =IF(COUNTIFS(_book!$D$2:$D$379,"?*",_book!$C$2:$C$379,$A13,_book!$A$2:$A$379,bkc_lob,_book!$B$2:$B$379,bkc_bu)=0,"",IF(COUNTIFS(_book!$D$2:$D$379,"?*",_book!$C$2:$C$379,$A13,_book!$A$2:$A$379,bkc_lob,_book!$B$2:$B$379,bkc_bu)=1,$W13*$X13*$Y13*$Z13,IF(SUMIFS(_book!$F$2:$F$379,_book!$C$2:$C$379,$A13,_book!$A$2:$A$379,bkc_lob,_book!$B$2:$B$379,bkc_bu)=0,"—",SUMIFS(_book!$AO$2:$AO$379,_book!$C$2:$C$379,$A13,_book!$A$2:$A$379,bkc_lob,_book!$B$2:$B$379,bkc_bu)/SUMIFS(_book!$F$2:$F$379,_book!$C$2:$C$379,$A13,_book!$A$2:$A$379,bkc_lob,_book!$B$2:$B$379,bkc_bu)))) -> 0.6433648 | AB13: =IF(COUNTIFS(_book!$D$2:$D$379,"?*",_book!$C$2:$C$379,$A13,_book!$A$2:$A$379,bkc_lob,_book!$B$2:$B$379,bkc_bu)<=1,"",($AA13-$W13*$X13*$Y13*$Z13)*100) -> 0.0017549484 | AC13: =IF(SUMIFS(_book!$F$2:$F$379,_book!$C$2:$C$379,$A13,_book!$A$2:$A$379,bkc_lob,_book!$B$2:$B$379,bkc_bu)=0,"—",SUMIFS(_book!$AQ$2:$AQ$379,_book!$C$2:$C$379,$A13,_book!$A$2:$A$379,bkc_lob,_book!$B$2:$B$379,bkc_bu)/SUMIFS(_book!$F$2:$F$379,_book!$C$2:$C$379,$A13,_book!$A$2:$A$379,bkc_lob,_book!$B$2:$B$379,bkc_bu)) -> 0 | AD13: =IF(SUMIFS(_book!$F$2:$F$379,_book!$C$2:$C$379,$A13,_book!$A$2:$A$379,bkc_lob,_book!$B$2:$B$379,bkc_bu)=0,"—",SUMIFS(_book!$AR$2:$AR$379,_book!$C$2:$C$379,$A13,_book!$A$2:$A$379,bkc_lob,_book!$B$2:$B$379,bkc_bu)/SUMIFS(_book!$F$2:$F$379,_book!$C$2:$C$379,$A13,_book!$A$2:$A$379,bkc_lob,_book!$B$2:$B$379,bkc_bu)) -> 0.98871556 | AE13: =IF(SUMIFS(_book!$F$2:$F$379,_book!$C$2:$C$379,$A13,_book!$A$2:$A$379,bkc_lob,_book!$B$2:$B$379,bkc_bu)=0,"—",SUMIFS(_book!$AS$2:$AS$379,_book!$C$2:$C$379,$A13,_book!$A$2:$A$379,bkc_lob,_book!$B$2:$B$379,bkc_bu)/SUMIFS(_book!$F$2:$F$379,_book!$C$2:$C$379,$A13,_book!$A$2:$A$379,bkc_lob,_book!$B$2:$B$379,bkc_bu)) -> 1.015457 | AF13: =IF(COUNTIFS(_book!$D$2:$D$379,"?*",_book!$C$2:$C$379,$A13,_book!$A$2:$A$379,bkc_lob,_book!$B$2:$B$379,bkc_bu)=0,"",IF(COUNTIFS(_book!$D$2:$D$379,"?*",_book!$C$2:$C$379,$A13,_book!$A$2:$A$379,bkc_lob,_book!$B$2:$B$379,bkc_bu)=1,$W13*(1+$AC13)*$AD13*$AE13*$Z13,IF(SUMIFS(_book!$F$2:$F$379,_book!$C$2:$C$379,$A13,_book!$A$2:$A$379,bkc_lob,_book!$B$2:$B$379,bkc_bu)=0,"—",SUMIFS(_book!$AP$2:$AP$379,_book!$C$2:$C$379,$A13,_book!$A$2:$A$379,bkc_lob,_book!$B$2:$B$379,bkc_bu)/SUMIFS(_book!$F$2:$F$379,_book!$C$2:$C$379,$A13,_book!$A$2:$A$379,bkc_lob,_book!$B$2:$B$379,bkc_bu)))) -> 0.63891164 | AG13: =IF(COUNTIFS(_book!$D$2:$D$379,"?*",_book!$C$2:$C$379,$A13,_book!$A$2:$A$379,bkc_lob,_book!$B$2:$B$379,bkc_bu)=0,"",IF(SUMIFS(_book!$V$2:$V$379,_book!$C$2:$C$379,$A13,_book!$A$2:$A$379,bkc_lob,_book!$B$2:$B$379,bkc_bu)=0,"—",SUMIFS(_book!$W$2:$W$379,_book!$C$2:$C$379,$A13,_book!$A$2:$A$379,bkc_lob,_book!$B$2:$B$379,bkc_bu)/SUMIFS(_book!$V$2:$V$379,_book!$C$2:$C$379,$A13,_book!$A$2:$A$379,bkc_lob,_book!$B$2:$B$379,bkc_bu))) -> — | AH13: =IF(SUMIFS(_book!$V$2:$V$379,_book!$C$2:$C$379,$A13,_book!$A$2:$A$379,bkc_lob,_book!$B$2:$B$379,bkc_bu)=0,"—",IF(SUMIFS(_book!$F$2:$F$379,_book!$C$2:$C$379,$A13,_book!$A$2:$A$379,bkc_lob,_book!$B$2:$B$379,bkc_bu)=0,"—",SUMIFS(_book!$AT$2:$AT$379,_book!$C$2:$C$379,$A13,_book!$A$2:$A$379,bkc_lob,_book!$B$2:$B$379,bkc_bu)/SUMIFS(_book!$F$2:$F$379,_book!$C$2:$C$379,$A13,_book!$A$2:$A$379,bkc_lob,_book!$B$2:$B$379,bkc_bu))) -> — | AI13: =IF(SUMIFS(_book!$V$2:$V$379,_book!$C$2:$C$379,$A13,_book!$A$2:$A$379,bkc_lob,_book!$B$2:$B$379,bkc_bu)=0,"—",($AH13-$AA13)*100) -> —
A14: IL | B14: =SUMIFS(_book!$F$2:$F$379,_book!$C$2:$C$379,$A14,_book!$A$2:$A$379,bkc_lob,_book!$B$2:$B$379,bkc_bu) -> 969000 | C14: =IF(SUMIFS(_book!$F$2:$F$379,_book!$C$2:$C$379,$A14,_book!$A$2:$A$379,bkc_lob,_book!$B$2:$B$379,bkc_bu)=0,"—",SUMIFS(_book!$AV$2:$AV$379,_book!$C$2:$C$379,$A14,_book!$A$2:$A$379,bkc_lob,_book!$B$2:$B$379,bkc_bu)/SUMIFS(_book!$F$2:$F$379,_book!$C$2:$C$379,$A14,_book!$A$2:$A$379,bkc_lob,_book!$B$2:$B$379,bkc_bu)) -> 0.92858824 | D14: =IF(SUMIFS(_book!$F$2:$F$379,_book!$C$2:$C$379,$A14,_book!$A$2:$A$379,bkc_lob,_book!$B$2:$B$379,bkc_bu)=0,"—",SUMIFS(_book!$AW$2:$AW$379,_book!$C$2:$C$379,$A14,_book!$A$2:$A$379,bkc_lob,_book!$B$2:$B$379,bkc_bu)/SUMIFS(_book!$F$2:$F$379,_book!$C$2:$C$379,$A14,_book!$A$2:$A$379,bkc_lob,_book!$B$2:$B$379,bkc_bu)) -> 0.91858824 | E14: =IF(SUMIFS(_book!$F$2:$F$379,_book!$C$2:$C$379,$A14,_book!$A$2:$A$379,bkc_lob,_book!$B$2:$B$379,bkc_bu)=0,"—",SUMIFS(_book!$AX$2:$AX$379,_book!$C$2:$C$379,$A14,_book!$A$2:$A$379,bkc_lob,_book!$B$2:$B$379,bkc_bu)/SUMIFS(_book!$F$2:$F$379,_book!$C$2:$C$379,$A14,_book!$A$2:$A$379,bkc_lob,_book!$B$2:$B$379,bkc_bu)) -> 0.92858824 | F14: =IF(COUNTIFS(_book!$D$2:$D$379,"?*",_book!$C$2:$C$379,$A14,_book!$A$2:$A$379,bkc_lob,_book!$B$2:$B$379,bkc_bu)<>1,"—",INDEX(_book!$DG$2:$DG$379,MATCH(bkf_lob&"|"&bkf_bu&"|"&$A14,_book!$E$2:$E$379,0))) -> — | G14: =IF(COUNTIFS(_book!$D$2:$D$379,"?*",_book!$C$2:$C$379,$A14,_book!$A$2:$A$379,bkc_lob,_book!$B$2:$B$379,bkc_bu)<>1,"—",INDEX(_book!$DH$2:$DH$379,MATCH(bkf_lob&"|"&bkf_bu&"|"&$A14,_book!$E$2:$E$379,0))) -> — | H14: =IF(COUNTIFS(_book!$D$2:$D$379,"?*",_book!$C$2:$C$379,$A14,_book!$A$2:$A$379,bkc_lob,_book!$B$2:$B$379,bkc_bu)<>1,"—",INDEX(_book!$DI$2:$DI$379,MATCH(bkf_lob&"|"&bkf_bu&"|"&$A14,_book!$E$2:$E$379,0))) -> — | I14: =IF(COUNTIFS(_book!$D$2:$D$379,"?*",_book!$C$2:$C$379,$A14,_book!$A$2:$A$379,bkc_lob,_book!$B$2:$B$379,bkc_bu)<>1,"—",INDEX(_book!$DJ$2:$DJ$379,MATCH(bkf_lob&"|"&bkf_bu&"|"&$A14,_book!$E$2:$E$379,0))) -> — | J14: =IF(COUNTIFS(_book!$D$2:$D$379,"?*",_book!$C$2:$C$379,$A14,_book!$A$2:$A$379,bkc_lob,_book!$B$2:$B$379,bkc_bu)<>1,"—",INDEX(_book!$DK$2:$DK$379,MATCH(bkf_lob&"|"&bkf_bu&"|"&$A14,_book!$E$2:$E$379,0))) -> — | K14: =IF(COUNTIFS(_book!$D$2:$D$379,"?*",_book!$C$2:$C$379,$A14,_book!$A$2:$A$379,bkc_lob,_book!$B$2:$B$379,bkc_bu)<>1,"—",INDEX(_book!$DL$2:$DL$379,MATCH(bkf_lob&"|"&bkf_bu&"|"&$A14,_book!$E$2:$E$379,0))) -> — | L14: =IF(COUNTIFS(_book!$D$2:$D$379,"?*",_book!$C$2:$C$379,$A14,_book!$A$2:$A$379,bkc_lob,_book!$B$2:$B$379,bkc_bu)<>1,"—",INDEX(_book!$DM$2:$DM$379,MATCH(bkf_lob&"|"&bkf_bu&"|"&$A14,_book!$E$2:$E$379,0))) -> — | M14: =IF(COUNTIFS(_book!$D$2:$D$379,"?*",_book!$C$2:$C$379,$A14,_book!$A$2:$A$379,bkc_lob,_book!$B$2:$B$379,bkc_bu)<>1,"—",INDEX(_book!$DN$2:$DN$379,MATCH(bkf_lob&"|"&bkf_bu&"|"&$A14,_book!$E$2:$E$379,0))) -> — | N14: =IF(COUNTIFS(_book!$D$2:$D$379,"?*",_book!$C$2:$C$379,$A14,_book!$A$2:$A$379,bkc_lob,_book!$B$2:$B$379,bkc_bu)<>1,"—",INDEX(_book!$DO$2:$DO$379,MATCH(bkf_lob&"|"&bkf_bu&"|"&$A14,_book!$E$2:$E$379,0))) -> — | O14: =IF(COUNTIFS(_book!$D$2:$D$379,"?*",_book!$C$2:$C$379,$A14,_book!$A$2:$A$379,bkc_lob,_book!$B$2:$B$379,bkc_bu)<>1,"—",INDEX(_book!$DP$2:$DP$379,MATCH(bkf_lob&"|"&bkf_bu&"|"&$A14,_book!$E$2:$E$379,0))) -> — | P14: =IF(COUNTIFS(_book!$D$2:$D$379,"?*",_book!$C$2:$C$379,$A14,_book!$A$2:$A$379,bkc_lob,_book!$B$2:$B$379,bkc_bu)<>1,"—",INDEX(_book!$DQ$2:$DQ$379,MATCH(bkf_lob&"|"&bkf_bu&"|"&$A14,_book!$E$2:$E$379,0))) -> — | Q14: =IF(COUNTIFS(_book!$D$2:$D$379,"?*",_book!$C$2:$C$379,$A14,_book!$A$2:$A$379,bkc_lob,_book!$B$2:$B$379,bkc_bu)<>1,"—",INDEX(_book!$DR$2:$DR$379,MATCH(bkf_lob&"|"&bkf_bu&"|"&$A14,_book!$E$2:$E$379,0))) -> — | R14: =SUMIFS(_book!$AC$2:$AC$379,_book!$C$2:$C$379,$A14,_book!$A$2:$A$379,bkc_lob,_book!$B$2:$B$379,bkc_bu) -> 12 | S14: =SUMIFS(_book!$AD$2:$AD$379,_book!$C$2:$C$379,$A14,_book!$A$2:$A$379,bkc_lob,_book!$B$2:$B$379,bkc_bu) -> 6 | T14: =IF(SUMIFS(_book!$F$2:$F$379,_book!$C$2:$C$379,$A14,_book!$A$2:$A$379,bkc_lob,_book!$B$2:$B$379,bkc_bu)=0,"—",SUMIFS(_book!$AH$2:$AH$379,_book!$C$2:$C$379,$A14,_book!$A$2:$A$379,bkc_lob,_book!$B$2:$B$379,bkc_bu)/SUMIFS(_book!$F$2:$F$379,_book!$C$2:$C$379,$A14,_book!$A$2:$A$379,bkc_lob,_book!$B$2:$B$379,bkc_bu)) -> 1.022807 | U14: =IF(SUMIFS(_book!$F$2:$F$379,_book!$C$2:$C$379,$A14,_book!$A$2:$A$379,bkc_lob,_book!$B$2:$B$379,bkc_bu)=0,"—",SUMIFS(_book!$AI$2:$AI$379,_book!$C$2:$C$379,$A14,_book!$A$2:$A$379,bkc_lob,_book!$B$2:$B$379,bkc_bu)/SUMIFS(_book!$F$2:$F$379,_book!$C$2:$C$379,$A14,_book!$A$2:$A$379,bkc_lob,_book!$B$2:$B$379,bkc_bu)) -> 1.0413718 | V14: =IF(SUMIFS(_book!$F$2:$F$379,_book!$C$2:$C$379,$A14,_book!$A$2:$A$379,bkc_lob,_book!$B$2:$B$379,bkc_bu)=0,"—",SUMIFS(_book!$AJ$2:$AJ$379,_book!$C$2:$C$379,$A14,_book!$A$2:$A$379,bkc_lob,_book!$B$2:$B$379,bkc_bu)/SUMIFS(_book!$F$2:$F$379,_book!$C$2:$C$379,$A14,_book!$A$2:$A$379,bkc_lob,_book!$B$2:$B$379,bkc_bu)) -> 0.92227637 | W14: =IF(SUMIFS(_book!$F$2:$F$379,_book!$C$2:$C$379,$A14,_book!$A$2:$A$379,bkc_lob,_book!$B$2:$B$379,bkc_bu)=0,"—",SUMIFS(_book!$AN$2:$AN$379,_book!$C$2:$C$379,$A14,_book!$A$2:$A$379,bkc_lob,_book!$B$2:$B$379,bkc_bu)/SUMIFS(_book!$F$2:$F$379,_book!$C$2:$C$379,$A14,_book!$A$2:$A$379,bkc_lob,_book!$B$2:$B$379,bkc_bu)) -> 0.63416202 | X14: =IF(SUMIFS(_book!$F$2:$F$379,_book!$C$2:$C$379,$A14,_book!$A$2:$A$379,bkc_lob,_book!$B$2:$B$379,bkc_bu)=0,"—",SUMIFS(_book!$AK$2:$AK$379,_book!$C$2:$C$379,$A14,_book!$A$2:$A$379,bkc_lob,_book!$B$2:$B$379,bkc_bu)/SUMIFS(_book!$F$2:$F$379,_book!$C$2:$C$379,$A14,_book!$A$2:$A$379,bkc_lob,_book!$B$2:$B$379,bkc_bu)) -> 0.98248046 | Y14: =IF(SUMIFS(_book!$F$2:$F$379,_book!$C$2:$C$379,$A14,_book!$A$2:$A$379,bkc_lob,_book!$B$2:$B$379,bkc_bu)=0,"—",SUMIFS(_book!$AL$2:$AL$379,_book!$C$2:$C$379,$A14,_book!$A$2:$A$379,bkc_lob,_book!$B$2:$B$379,bkc_bu)/SUMIFS(_book!$F$2:$F$379,_book!$C$2:$C$379,$A14,_book!$A$2:$A$379,bkc_lob,_book!$B$2:$B$379,bkc_bu)) -> 1.0068847 | Z14: =IF(SUMIFS(_book!$F$2:$F$379,_book!$C$2:$C$379,$A14,_book!$A$2:$A$379,bkc_lob,_book!$B$2:$B$379,bkc_bu)=0,"—",SUMIFS(_book!$AM$2:$AM$379,_book!$C$2:$C$379,$A14,_book!$A$2:$A$379,bkc_lob,_book!$B$2:$B$379,bkc_bu)/SUMIFS(_book!$F$2:$F$379,_book!$C$2:$C$379,$A14,_book!$A$2:$A$379,bkc_lob,_book!$B$2:$B$379,bkc_bu)) -> 1 | AA14: =IF(COUNTIFS(_book!$D$2:$D$379,"?*",_book!$C$2:$C$379,$A14,_book!$A$2:$A$379,bkc_lob,_book!$B$2:$B$379,bkc_bu)=0,"",IF(COUNTIFS(_book!$D$2:$D$379,"?*",_book!$C$2:$C$379,$A14,_book!$A$2:$A$379,bkc_lob,_book!$B$2:$B$379,bkc_bu)=1,$W14*$X14*$Y14*$Z14,IF(SUMIFS(_book!$F$2:$F$379,_book!$C$2:$C$379,$A14,_book!$A$2:$A$379,bkc_lob,_book!$B$2:$B$379,bkc_bu)=0,"—",SUMIFS(_book!$AO$2:$AO$379,_book!$C$2:$C$379,$A14,_book!$A$2:$A$379,bkc_lob,_book!$B$2:$B$379,bkc_bu)/SUMIFS(_book!$F$2:$F$379,_book!$C$2:$C$379,$A14,_book!$A$2:$A$379,bkc_lob,_book!$B$2:$B$379,bkc_bu)))) -> 0.62737781 | AB14: =IF(COUNTIFS(_book!$D$2:$D$379,"?*",_book!$C$2:$C$379,$A14,_book!$A$2:$A$379,bkc_lob,_book!$B$2:$B$379,bkc_bu)<=1,"",($AA14-$W14*$X14*$Y14*$Z14)*100) -> 0.0036494961 | AC14: =IF(SUMIFS(_book!$F$2:$F$379,_book!$C$2:$C$379,$A14,_book!$A$2:$A$379,bkc_lob,_book!$B$2:$B$379,bkc_bu)=0,"—",SUMIFS(_book!$AQ$2:$AQ$379,_book!$C$2:$C$379,$A14,_book!$A$2:$A$379,bkc_lob,_book!$B$2:$B$379,bkc_bu)/SUMIFS(_book!$F$2:$F$379,_book!$C$2:$C$379,$A14,_book!$A$2:$A$379,bkc_lob,_book!$B$2:$B$379,bkc_bu)) -> 0 | AD14: =IF(SUMIFS(_book!$F$2:$F$379,_book!$C$2:$C$379,$A14,_book!$A$2:$A$379,bkc_lob,_book!$B$2:$B$379,bkc_bu)=0,"—",SUMIFS(_book!$AR$2:$AR$379,_book!$C$2:$C$379,$A14,_book!$A$2:$A$379,bkc_lob,_book!$B$2:$B$379,bkc_bu)/SUMIFS(_book!$F$2:$F$379,_book!$C$2:$C$379,$A14,_book!$A$2:$A$379,bkc_lob,_book!$B$2:$B$379,bkc_bu)) -> 0.97858496 | AE14: =IF(SUMIFS(_book!$F$2:$F$379,_book!$C$2:$C$379,$A14,_book!$A$2:$A$379,bkc_lob,_book!$B$2:$B$379,bkc_bu)=0,"—",SUMIFS(_book!$AS$2:$AS$379,_book!$C$2:$C$379,$A14,_book!$A$2:$A$379,bkc_lob,_book!$B$2:$B$379,bkc_bu)/SUMIFS(_book!$F$2:$F$379,_book!$C$2:$C$379,$A14,_book!$A$2:$A$379,bkc_lob,_book!$B$2:$B$379,bkc_bu)) -> 0.99617646 | AF14: =IF(COUNTIFS(_book!$D$2:$D$379,"?*",_book!$C$2:$C$379,$A14,_book!$A$2:$A$379,bkc_lob,_book!$B$2:$B$379,bkc_bu)=0,"",IF(COUNTIFS(_book!$D$2:$D$379,"?*",_book!$C$2:$C$379,$A14,_book!$A$2:$A$379,bkc_lob,_book!$B$2:$B$379,bkc_bu)=1,$W14*(1+$AC14)*$AD14*$AE14*$Z14,IF(SUMIFS(_book!$F$2:$F$379,_book!$C$2:$C$379,$A14,_book!$A$2:$A$379,bkc_lob,_book!$B$2:$B$379,bkc_bu)=0,"—",SUMIFS(_book!$AP$2:$AP$379,_book!$C$2:$C$379,$A14,_book!$A$2:$A$379,bkc_lob,_book!$B$2:$B$379,bkc_bu)/SUMIFS(_book!$F$2:$F$379,_book!$C$2:$C$379,$A14,_book!$A$2:$A$379,bkc_lob,_book!$B$2:$B$379,bkc_bu)))) -> 0.61830136 | AG14: =IF(COUNTIFS(_book!$D$2:$D$379,"?*",_book!$C$2:$C$379,$A14,_book!$A$2:$A$379,bkc_lob,_book!$B$2:$B$379,bkc_bu)=0,"",IF(SUMIFS(_book!$V$2:$V$379,_book!$C$2:$C$379,$A14,_book!$A$2:$A$379,bkc_lob,_book!$B$2:$B$379,bkc_bu)=0,"—",SUMIFS(_book!$W$2:$W$379,_book!$C$2:$C$379,$A14,_book!$A$2:$A$379,bkc_lob,_book!$B$2:$B$379,bkc_bu)/SUMIFS(_book!$V$2:$V$379,_book!$C$2:$C$379,$A14,_book!$A$2:$A$379,bkc_lob,_book!$B$2:$B$379,bkc_bu))) -> — | AH14: =IF(SUMIFS(_book!$V$2:$V$379,_book!$C$2:$C$379,$A14,_book!$A$2:$A$379,bkc_lob,_book!$B$2:$B$379,bkc_bu)=0,"—",IF(SUMIFS(_book!$F$2:$F$379,_book!$C$2:$C$379,$A14,_book!$A$2:$A$379,bkc_lob,_book!$B$2:$B$379,bkc_bu)=0,"—",SUMIFS(_book!$AT$2:$AT$379,_book!$C$2:$C$379,$A14,_book!$A$2:$A$379,bkc_lob,_book!$B$2:$B$379,bkc_bu)/SUMIFS(_book!$F$2:$F$379,_book!$C$2:$C$379,$A14,_book!$A$2:$A$379,bkc_lob,_book!$B$2:$B$379,bkc_bu))) -> — | AI14: =IF(SUMIFS(_book!$V$2:$V$379,_book!$C$2:$C$379,$A14,_book!$A$2:$A$379,bkc_lob,_book!$B$2:$B$379,bkc_bu)=0,"—",($AH14-$AA14)*100) -> —
A15: IN | B15: =SUMIFS(_book!$F$2:$F$379,_book!$C$2:$C$379,$A15,_book!$A$2:$A$379,bkc_lob,_book!$B$2:$B$379,bkc_bu) -> 765000 | C15: =IF(SUMIFS(_book!$F$2:$F$379,_book!$C$2:$C$379,$A15,_book!$A$2:$A$379,bkc_lob,_book!$B$2:$B$379,bkc_bu)=0,"—",SUMIFS(_book!$AV$2:$AV$379,_book!$C$2:$C$379,$A15,_book!$A$2:$A$379,bkc_lob,_book!$B$2:$B$379,bkc_bu)/SUMIFS(_book!$F$2:$F$379,_book!$C$2:$C$379,$A15,_book!$A$2:$A$379,bkc_lob,_book!$B$2:$B$379,bkc_bu)) -> 0.92858824 | D15: =IF(SUMIFS(_book!$F$2:$F$379,_book!$C$2:$C$379,$A15,_book!$A$2:$A$379,bkc_lob,_book!$B$2:$B$379,bkc_bu)=0,"—",SUMIFS(_book!$AW$2:$AW$379,_book!$C$2:$C$379,$A15,_book!$A$2:$A$379,bkc_lob,_book!$B$2:$B$379,bkc_bu)/SUMIFS(_book!$F$2:$F$379,_book!$C$2:$C$379,$A15,_book!$A$2:$A$379,bkc_lob,_book!$B$2:$B$379,bkc_bu)) -> 0.91858824 | E15: =IF(SUMIFS(_book!$F$2:$F$379,_book!$C$2:$C$379,$A15,_book!$A$2:$A$379,bkc_lob,_book!$B$2:$B$379,bkc_bu)=0,"—",SUMIFS(_book!$AX$2:$AX$379,_book!$C$2:$C$379,$A15,_book!$A$2:$A$379,bkc_lob,_book!$B$2:$B$379,bkc_bu)/SUMIFS(_book!$F$2:$F$379,_book!$C$2:$C$379,$A15,_book!$A$2:$A$379,bkc_lob,_book!$B$2:$B$379,bkc_bu)) -> 0.90858824 | F15: =IF(COUNTIFS(_book!$D$2:$D$379,"?*",_book!$C$2:$C$379,$A15,_book!$A$2:$A$379,bkc_lob,_book!$B$2:$B$379,bkc_bu)<>1,"—",INDEX(_book!$DG$2:$DG$379,MATCH(bkf_lob&"|"&bkf_bu&"|"&$A15,_book!$E$2:$E$379,0))) -> — | G15: =IF(COUNTIFS(_book!$D$2:$D$379,"?*",_book!$C$2:$C$379,$A15,_book!$A$2:$A$379,bkc_lob,_book!$B$2:$B$379,bkc_bu)<>1,"—",INDEX(_book!$DH$2:$DH$379,MATCH(bkf_lob&"|"&bkf_bu&"|"&$A15,_book!$E$2:$E$379,0))) -> — | H15: =IF(COUNTIFS(_book!$D$2:$D$379,"?*",_book!$C$2:$C$379,$A15,_book!$A$2:$A$379,bkc_lob,_book!$B$2:$B$379,bkc_bu)<>1,"—",INDEX(_book!$DI$2:$DI$379,MATCH(bkf_lob&"|"&bkf_bu&"|"&$A15,_book!$E$2:$E$379,0))) -> — | I15: =IF(COUNTIFS(_book!$D$2:$D$379,"?*",_book!$C$2:$C$379,$A15,_book!$A$2:$A$379,bkc_lob,_book!$B$2:$B$379,bkc_bu)<>1,"—",INDEX(_book!$DJ$2:$DJ$379,MATCH(bkf_lob&"|"&bkf_bu&"|"&$A15,_book!$E$2:$E$379,0))) -> — | J15: =IF(COUNTIFS(_book!$D$2:$D$379,"?*",_book!$C$2:$C$379,$A15,_book!$A$2:$A$379,bkc_lob,_book!$B$2:$B$379,bkc_bu)<>1,"—",INDEX(_book!$DK$2:$DK$379,MATCH(bkf_lob&"|"&bkf_bu&"|"&$A15,_book!$E$2:$E$379,0))) -> — | K15: =IF(COUNTIFS(_book!$D$2:$D$379,"?*",_book!$C$2:$C$379,$A15,_book!$A$2:$A$379,bkc_lob,_book!$B$2:$B$379,bkc_bu)<>1,"—",INDEX(_book!$DL$2:$DL$379,MATCH(bkf_lob&"|"&bkf_bu&"|"&$A15,_book!$E$2:$E$379,0))) -> — | L15: =IF(COUNTIFS(_book!$D$2:$D$379,"?*",_book!$C$2:$C$379,$A15,_book!$A$2:$A$379,bkc_lob,_book!$B$2:$B$379,bkc_bu)<>1,"—",INDEX(_book!$DM$2:$DM$379,MATCH(bkf_lob&"|"&bkf_bu&"|"&$A15,_book!$E$2:$E$379,0))) -> — | M15: =IF(COUNTIFS(_book!$D$2:$D$379,"?*",_book!$C$2:$C$379,$A15,_book!$A$2:$A$379,bkc_lob,_book!$B$2:$B$379,bkc_bu)<>1,"—",INDEX(_book!$DN$2:$DN$379,MATCH(bkf_lob&"|"&bkf_bu&"|"&$A15,_book!$E$2:$E$379,0))) -> — | N15: =IF(COUNTIFS(_book!$D$2:$D$379,"?*",_book!$C$2:$C$379,$A15,_book!$A$2:$A$379,bkc_lob,_book!$B$2:$B$379,bkc_bu)<>1,"—",INDEX(_book!$DO$2:$DO$379,MATCH(bkf_lob&"|"&bkf_bu&"|"&$A15,_book!$E$2:$E$379,0))) -> — | O15: =IF(COUNTIFS(_book!$D$2:$D$379,"?*",_book!$C$2:$C$379,$A15,_book!$A$2:$A$379,bkc_lob,_book!$B$2:$B$379,bkc_bu)<>1,"—",INDEX(_book!$DP$2:$DP$379,MATCH(bkf_lob&"|"&bkf_bu&"|"&$A15,_book!$E$2:$E$379,0))) -> — | P15: =IF(COUNTIFS(_book!$D$2:$D$379,"?*",_book!$C$2:$C$379,$A15,_book!$A$2:$A$379,bkc_lob,_book!$B$2:$B$379,bkc_bu)<>1,"—",INDEX(_book!$DQ$2:$DQ$379,MATCH(bkf_lob&"|"&bkf_bu&"|"&$A15,_book!$E$2:$E$379,0))) -> — | Q15: =IF(COUNTIFS(_book!$D$2:$D$379,"?*",_book!$C$2:$C$379,$A15,_book!$A$2:$A$379,bkc_lob,_book!$B$2:$B$379,bkc_bu)<>1,"—",INDEX(_book!$DR$2:$DR$379,MATCH(bkf_lob&"|"&bkf_bu&"|"&$A15,_book!$E$2:$E$379,0))) -> — | R15: =SUMIFS(_book!$AC$2:$AC$379,_book!$C$2:$C$379,$A15,_book!$A$2:$A$379,bkc_lob,_book!$B$2:$B$379,bkc_bu) -> 18 | S15: =SUMIFS(_book!$AD$2:$AD$379,_book!$C$2:$C$379,$A15,_book!$A$2:$A$379,bkc_lob,_book!$B$2:$B$379,bkc_bu) -> 6 | T15: =IF(SUMIFS(_book!$F$2:$F$379,_book!$C$2:$C$379,$A15,_book!$A$2:$A$379,bkc_lob,_book!$B$2:$B$379,bkc_bu)=0,"—",SUMIFS(_book!$AH$2:$AH$379,_book!$C$2:$C$379,$A15,_book!$A$2:$A$379,bkc_lob,_book!$B$2:$B$379,bkc_bu)/SUMIFS(_book!$F$2:$F$379,_book!$C$2:$C$379,$A15,_book!$A$2:$A$379,bkc_lob,_book!$B$2:$B$379,bkc_bu)) -> 1.0504444 | U15: =IF(SUMIFS(_book!$F$2:$F$379,_book!$C$2:$C$379,$A15,_book!$A$2:$A$379,bkc_lob,_book!$B$2:$B$379,bkc_bu)=0,"—",SUMIFS(_book!$AI$2:$AI$379,_book!$C$2:$C$379,$A15,_book!$A$2:$A$379,bkc_lob,_book!$B$2:$B$379,bkc_bu)/SUMIFS(_book!$F$2:$F$379,_book!$C$2:$C$379,$A15,_book!$A$2:$A$379,bkc_lob,_book!$B$2:$B$379,bkc_bu)) -> 1.0479631 | V15: =IF(SUMIFS(_book!$F$2:$F$379,_book!$C$2:$C$379,$A15,_book!$A$2:$A$379,bkc_lob,_book!$B$2:$B$379,bkc_bu)=0,"—",SUMIFS(_book!$AJ$2:$AJ$379,_book!$C$2:$C$379,$A15,_book!$A$2:$A$379,bkc_lob,_book!$B$2:$B$379,bkc_bu)/SUMIFS(_book!$F$2:$F$379,_book!$C$2:$C$379,$A15,_book!$A$2:$A$379,bkc_lob,_book!$B$2:$B$379,bkc_bu)) -> 0.91649847 | W15: =IF(SUMIFS(_book!$F$2:$F$379,_book!$C$2:$C$379,$A15,_book!$A$2:$A$379,bkc_lob,_book!$B$2:$B$379,bkc_bu)=0,"—",SUMIFS(_book!$AN$2:$AN$379,_book!$C$2:$C$379,$A15,_book!$A$2:$A$379,bkc_lob,_book!$B$2:$B$379,bkc_bu)/SUMIFS(_book!$F$2:$F$379,_book!$C$2:$C$379,$A15,_book!$A$2:$A$379,bkc_lob,_book!$B$2:$B$379,bkc_bu)) -> 0.63277255 | X15: =IF(SUMIFS(_book!$F$2:$F$379,_book!$C$2:$C$379,$A15,_book!$A$2:$A$379,bkc_lob,_book!$B$2:$B$379,bkc_bu)=0,"—",SUMIFS(_book!$AK$2:$AK$379,_book!$C$2:$C$379,$A15,_book!$A$2:$A$379,bkc_lob,_book!$B$2:$B$379,bkc_bu)/SUMIFS(_book!$F$2:$F$379,_book!$C$2:$C$379,$A15,_book!$A$2:$A$379,bkc_lob,_book!$B$2:$B$379,bkc_bu)) -> 1.002401 | Y15: =IF(SUMIFS(_book!$F$2:$F$379,_book!$C$2:$C$379,$A15,_book!$A$2:$A$379,bkc_lob,_book!$B$2:$B$379,bkc_bu)=0,"—",SUMIFS(_book!$AL$2:$AL$379,_book!$C$2:$C$379,$A15,_book!$A$2:$A$379,bkc_lob,_book!$B$2:$B$379,bkc_bu)/SUMIFS(_book!$F$2:$F$379,_book!$C$2:$C$379,$A15,_book!$A$2:$A$379,bkc_lob,_book!$B$2:$B$379,bkc_bu)) -> 1.0132467 | Z15: =IF(SUMIFS(_book!$F$2:$F$379,_book!$C$2:$C$379,$A15,_book!$A$2:$A$379,bkc_lob,_book!$B$2:$B$379,bkc_bu)=0,"—",SUMIFS(_book!$AM$2:$AM$379,_book!$C$2:$C$379,$A15,_book!$A$2:$A$379,bkc_lob,_book!$B$2:$B$379,bkc_bu)/SUMIFS(_book!$F$2:$F$379,_book!$C$2:$C$379,$A15,_book!$A$2:$A$379,bkc_lob,_book!$B$2:$B$379,bkc_bu)) -> 1 | AA15: =IF(COUNTIFS(_book!$D$2:$D$379,"?*",_book!$C$2:$C$379,$A15,_book!$A$2:$A$379,bkc_lob,_book!$B$2:$B$379,bkc_bu)=0,"",IF(COUNTIFS(_book!$D$2:$D$379,"?*",_book!$C$2:$C$379,$A15,_book!$A$2:$A$379,bkc_lob,_book!$B$2:$B$379,bkc_bu)=1,$W15*$X15*$Y15*$Z15,IF(SUMIFS(_book!$F$2:$F$379,_book!$C$2:$C$379,$A15,_book!$A$2:$A$379,bkc_lob,_book!$B$2:$B$379,bkc_bu)=0,"—",SUMIFS(_book!$AO$2:$AO$379,_book!$C$2:$C$379,$A15,_book!$A$2:$A$379,bkc_lob,_book!$B$2:$B$379,bkc_bu)/SUMIFS(_book!$F$2:$F$379,_book!$C$2:$C$379,$A15,_book!$A$2:$A$379,bkc_lob,_book!$B$2:$B$379,bkc_bu)))) -> 0.64271136 | AB15: =IF(COUNTIFS(_book!$D$2:$D$379,"?*",_book!$C$2:$C$379,$A15,_book!$A$2:$A$379,bkc_lob,_book!$B$2:$B$379,bkc_bu)<=1,"",($AA15-$W15*$X15*$Y15*$Z15)*100) -> 0.0017256661 | AC15: =IF(SUMIFS(_book!$F$2:$F$379,_book!$C$2:$C$379,$A15,_book!$A$2:$A$379,bkc_lob,_book!$B$2:$B$379,bkc_bu)=0,"—",SUMIFS(_book!$AQ$2:$AQ$379,_book!$C$2:$C$379,$A15,_book!$A$2:$A$379,bkc_lob,_book!$B$2:$B$379,bkc_bu)/SUMIFS(_book!$F$2:$F$379,_book!$C$2:$C$379,$A15,_book!$A$2:$A$379,bkc_lob,_book!$B$2:$B$379,bkc_bu)) -> 0 | AD15: =IF(SUMIFS(_book!$F$2:$F$379,_book!$C$2:$C$379,$A15,_book!$A$2:$A$379,bkc_lob,_book!$B$2:$B$379,bkc_bu)=0,"—",SUMIFS(_book!$AR$2:$AR$379,_book!$C$2:$C$379,$A15,_book!$A$2:$A$379,bkc_lob,_book!$B$2:$B$379,bkc_bu)/SUMIFS(_book!$F$2:$F$379,_book!$C$2:$C$379,$A15,_book!$A$2:$A$379,bkc_lob,_book!$B$2:$B$379,bkc_bu)) -> 0.98992628 | AE15: =IF(SUMIFS(_book!$F$2:$F$379,_book!$C$2:$C$379,$A15,_book!$A$2:$A$379,bkc_lob,_book!$B$2:$B$379,bkc_bu)=0,"—",SUMIFS(_book!$AS$2:$AS$379,_book!$C$2:$C$379,$A15,_book!$A$2:$A$379,bkc_lob,_book!$B$2:$B$379,bkc_bu)/SUMIFS(_book!$F$2:$F$379,_book!$C$2:$C$379,$A15,_book!$A$2:$A$379,bkc_lob,_book!$B$2:$B$379,bkc_bu)) -> 1.0206428 | AF15: =IF(COUNTIFS(_book!$D$2:$D$379,"?*",_book!$C$2:$C$379,$A15,_book!$A$2:$A$379,bkc_lob,_book!$B$2:$B$379,bkc_bu)=0,"",IF(COUNTIFS(_book!$D$2:$D$379,"?*",_book!$C$2:$C$379,$A15,_book!$A$2:$A$379,bkc_lob,_book!$B$2:$B$379,bkc_bu)=1,$W15*(1+$AC15)*$AD15*$AE15*$Z15,IF(SUMIFS(_book!$F$2:$F$379,_book!$C$2:$C$379,$A15,_book!$A$2:$A$379,bkc_lob,_book!$B$2:$B$379,bkc_bu)=0,"—",SUMIFS(_book!$AP$2:$AP$379,_book!$C$2:$C$379,$A15,_book!$A$2:$A$379,bkc_lob,_book!$B$2:$B$379,bkc_bu)/SUMIFS(_book!$F$2:$F$379,_book!$C$2:$C$379,$A15,_book!$A$2:$A$379,bkc_lob,_book!$B$2:$B$379,bkc_bu)))) -> 0.63946552 | AG15: =IF(COUNTIFS(_book!$D$2:$D$379,"?*",_book!$C$2:$C$379,$A15,_book!$A$2:$A$379,bkc_lob,_book!$B$2:$B$379,bkc_bu)=0,"",IF(SUMIFS(_book!$V$2:$V$379,_book!$C$2:$C$379,$A15,_book!$A$2:$A$379,bkc_lob,_book!$B$2:$B$379,bkc_bu)=0,"—",SUMIFS(_book!$W$2:$W$379,_book!$C$2:$C$379,$A15,_book!$A$2:$A$379,bkc_lob,_book!$B$2:$B$379,bkc_bu)/SUMIFS(_book!$V$2:$V$379,_book!$C$2:$C$379,$A15,_book!$A$2:$A$379,bkc_lob,_book!$B$2:$B$379,bkc_bu))) -> — | AH15: =IF(SUMIFS(_book!$V$2:$V$379,_book!$C$2:$C$379,$A15,_book!$A$2:$A$379,bkc_lob,_book!$B$2:$B$379,bkc_bu)=0,"—",IF(SUMIFS(_book!$F$2:$F$379,_book!$C$2:$C$379,$A15,_book!$A$2:$A$379,bkc_lob,_book!$B$2:$B$379,bkc_bu)=0,"—",SUMIFS(_book!$AT$2:$AT$379,_book!$C$2:$C$379,$A15,_book!$A$2:$A$379,bkc_lob,_book!$B$2:$B$379,bkc_bu)/SUMIFS(_book!$F$2:$F$379,_book!$C$2:$C$379,$A15,_book!$A$2:$A$379,bkc_lob,_book!$B$2:$B$379,bkc_bu))) -> — | AI15: =IF(SUMIFS(_book!$V$2:$V$379,_book!$C$2:$C$379,$A15,_book!$A$2:$A$379,bkc_lob,_book!$B$2:$B$379,bkc_bu)=0,"—",($AH15-$AA15)*100) -> —
A16: KY | B16: =SUMIFS(_book!$F$2:$F$379,_book!$C$2:$C$379,$A16,_book!$A$2:$A$379,bkc_lob,_book!$B$2:$B$379,bkc_bu) -> 561000 | C16: =IF(SUMIFS(_book!$F$2:$F$379,_book!$C$2:$C$379,$A16,_book!$A$2:$A$379,bkc_lob,_book!$B$2:$B$379,bkc_bu)=0,"—",SUMIFS(_book!$AV$2:$AV$379,_book!$C$2:$C$379,$A16,_book!$A$2:$A$379,bkc_lob,_book!$B$2:$B$379,bkc_bu)/SUMIFS(_book!$F$2:$F$379,_book!$C$2:$C$379,$A16,_book!$A$2:$A$379,bkc_lob,_book!$B$2:$B$379,bkc_bu)) -> 0.92858824 | D16: =IF(SUMIFS(_book!$F$2:$F$379,_book!$C$2:$C$379,$A16,_book!$A$2:$A$379,bkc_lob,_book!$B$2:$B$379,bkc_bu)=0,"—",SUMIFS(_book!$AW$2:$AW$379,_book!$C$2:$C$379,$A16,_book!$A$2:$A$379,bkc_lob,_book!$B$2:$B$379,bkc_bu)/SUMIFS(_book!$F$2:$F$379,_book!$C$2:$C$379,$A16,_book!$A$2:$A$379,bkc_lob,_book!$B$2:$B$379,bkc_bu)) -> 0.91858824 | E16: =IF(SUMIFS(_book!$F$2:$F$379,_book!$C$2:$C$379,$A16,_book!$A$2:$A$379,bkc_lob,_book!$B$2:$B$379,bkc_bu)=0,"—",SUMIFS(_book!$AX$2:$AX$379,_book!$C$2:$C$379,$A16,_book!$A$2:$A$379,bkc_lob,_book!$B$2:$B$379,bkc_bu)/SUMIFS(_book!$F$2:$F$379,_book!$C$2:$C$379,$A16,_book!$A$2:$A$379,bkc_lob,_book!$B$2:$B$379,bkc_bu)) -> 0.92358824 | F16: =IF(COUNTIFS(_book!$D$2:$D$379,"?*",_book!$C$2:$C$379,$A16,_book!$A$2:$A$379,bkc_lob,_book!$B$2:$B$379,bkc_bu)<>1,"—",INDEX(_book!$DG$2:$DG$379,MATCH(bkf_lob&"|"&bkf_bu&"|"&$A16,_book!$E$2:$E$379,0))) -> — | G16: =IF(COUNTIFS(_book!$D$2:$D$379,"?*",_book!$C$2:$C$379,$A16,_book!$A$2:$A$379,bkc_lob,_book!$B$2:$B$379,bkc_bu)<>1,"—",INDEX(_book!$DH$2:$DH$379,MATCH(bkf_lob&"|"&bkf_bu&"|"&$A16,_book!$E$2:$E$379,0))) -> — | H16: =IF(COUNTIFS(_book!$D$2:$D$379,"?*",_book!$C$2:$C$379,$A16,_book!$A$2:$A$379,bkc_lob,_book!$B$2:$B$379,bkc_bu)<>1,"—",INDEX(_book!$DI$2:$DI$379,MATCH(bkf_lob&"|"&bkf_bu&"|"&$A16,_book!$E$2:$E$379,0))) -> — | I16: =IF(COUNTIFS(_book!$D$2:$D$379,"?*",_book!$C$2:$C$379,$A16,_book!$A$2:$A$379,bkc_lob,_book!$B$2:$B$379,bkc_bu)<>1,"—",INDEX(_book!$DJ$2:$DJ$379,MATCH(bkf_lob&"|"&bkf_bu&"|"&$A16,_book!$E$2:$E$379,0))) -> — | J16: =IF(COUNTIFS(_book!$D$2:$D$379,"?*",_book!$C$2:$C$379,$A16,_book!$A$2:$A$379,bkc_lob,_book!$B$2:$B$379,bkc_bu)<>1,"—",INDEX(_book!$DK$2:$DK$379,MATCH(bkf_lob&"|"&bkf_bu&"|"&$A16,_book!$E$2:$E$379,0))) -> — | K16: =IF(COUNTIFS(_book!$D$2:$D$379,"?*",_book!$C$2:$C$379,$A16,_book!$A$2:$A$379,bkc_lob,_book!$B$2:$B$379,bkc_bu)<>1,"—",INDEX(_book!$DL$2:$DL$379,MATCH(bkf_lob&"|"&bkf_bu&"|"&$A16,_book!$E$2:$E$379,0))) -> — | L16: =IF(COUNTIFS(_book!$D$2:$D$379,"?*",_book!$C$2:$C$379,$A16,_book!$A$2:$A$379,bkc_lob,_book!$B$2:$B$379,bkc_bu)<>1,"—",INDEX(_book!$DM$2:$DM$379,MATCH(bkf_lob&"|"&bkf_bu&"|"&$A16,_book!$E$2:$E$379,0))) -> — | M16: =IF(COUNTIFS(_book!$D$2:$D$379,"?*",_book!$C$2:$C$379,$A16,_book!$A$2:$A$379,bkc_lob,_book!$B$2:$B$379,bkc_bu)<>1,"—",INDEX(_book!$DN$2:$DN$379,MATCH(bkf_lob&"|"&bkf_bu&"|"&$A16,_book!$E$2:$E$379,0))) -> — | N16: =IF(COUNTIFS(_book!$D$2:$D$379,"?*",_book!$C$2:$C$379,$A16,_book!$A$2:$A$379,bkc_lob,_book!$B$2:$B$379,bkc_bu)<>1,"—",INDEX(_book!$DO$2:$DO$379,MATCH(bkf_lob&"|"&bkf_bu&"|"&$A16,_book!$E$2:$E$379,0))) -> — | O16: =IF(COUNTIFS(_book!$D$2:$D$379,"?*",_book!$C$2:$C$379,$A16,_book!$A$2:$A$379,bkc_lob,_book!$B$2:$B$379,bkc_bu)<>1,"—",INDEX(_book!$DP$2:$DP$379,MATCH(bkf_lob&"|"&bkf_bu&"|"&$A16,_book!$E$2:$E$379,0))) -> — | P16: =IF(COUNTIFS(_book!$D$2:$D$379,"?*",_book!$C$2:$C$379,$A16,_book!$A$2:$A$379,bkc_lob,_book!$B$2:$B$379,bkc_bu)<>1,"—",INDEX(_book!$DQ$2:$DQ$379,MATCH(bkf_lob&"|"&bkf_bu&"|"&$A16,_book!$E$2:$E$379,0))) -> — | Q16: =IF(COUNTIFS(_book!$D$2:$D$379,"?*",_book!$C$2:$C$379,$A16,_book!$A$2:$A$379,bkc_lob,_book!$B$2:$B$379,bkc_bu)<>1,"—",INDEX(_book!$DR$2:$DR$379,MATCH(bkf_lob&"|"&bkf_bu&"|"&$A16,_book!$E$2:$E$379,0))) -> — | R16: =SUMIFS(_book!$AC$2:$AC$379,_book!$C$2:$C$379,$A16,_book!$A$2:$A$379,bkc_lob,_book!$B$2:$B$379,bkc_bu) -> 6 | S16: =SUMIFS(_book!$AD$2:$AD$379,_book!$C$2:$C$379,$A16,_book!$A$2:$A$379,bkc_lob,_book!$B$2:$B$379,bkc_bu) -> 12 | T16: =IF(SUMIFS(_book!$F$2:$F$379,_book!$C$2:$C$379,$A16,_book!$A$2:$A$379,bkc_lob,_book!$B$2:$B$379,bkc_bu)=0,"—",SUMIFS(_book!$AH$2:$AH$379,_book!$C$2:$C$379,$A16,_book!$A$2:$A$379,bkc_lob,_book!$B$2:$B$379,bkc_bu)/SUMIFS(_book!$F$2:$F$379,_book!$C$2:$C$379,$A16,_book!$A$2:$A$379,bkc_lob,_book!$B$2:$B$379,bkc_bu)) -> 1 | U16: =IF(SUMIFS(_book!$F$2:$F$379,_book!$C$2:$C$379,$A16,_book!$A$2:$A$379,bkc_lob,_book!$B$2:$B$379,bkc_bu)=0,"—",SUMIFS(_book!$AI$2:$AI$379,_book!$C$2:$C$379,$A16,_book!$A$2:$A$379,bkc_lob,_book!$B$2:$B$379,bkc_bu)/SUMIFS(_book!$F$2:$F$379,_book!$C$2:$C$379,$A16,_book!$A$2:$A$379,bkc_lob,_book!$B$2:$B$379,bkc_bu)) -> 1.0236023 | V16: =IF(SUMIFS(_book!$F$2:$F$379,_book!$C$2:$C$379,$A16,_book!$A$2:$A$379,bkc_lob,_book!$B$2:$B$379,bkc_bu)=0,"—",SUMIFS(_book!$AJ$2:$AJ$379,_book!$C$2:$C$379,$A16,_book!$A$2:$A$379,bkc_lob,_book!$B$2:$B$379,bkc_bu)/SUMIFS(_book!$F$2:$F$379,_book!$C$2:$C$379,$A16,_book!$A$2:$A$379,bkc_lob,_book!$B$2:$B$379,bkc_bu)) -> 0.91963312 | W16: =IF(SUMIFS(_book!$F$2:$F$379,_book!$C$2:$C$379,$A16,_book!$A$2:$A$379,bkc_lob,_book!$B$2:$B$379,bkc_bu)=0,"—",SUMIFS(_book!$AN$2:$AN$379,_book!$C$2:$C$379,$A16,_book!$A$2:$A$379,bkc_lob,_book!$B$2:$B$379,bkc_bu)/SUMIFS(_book!$F$2:$F$379,_book!$C$2:$C$379,$A16,_book!$A$2:$A$379,bkc_lob,_book!$B$2:$B$379,bkc_bu)) -> 0.63267558 | X16: =IF(SUMIFS(_book!$F$2:$F$379,_book!$C$2:$C$379,$A16,_book!$A$2:$A$379,bkc_lob,_book!$B$2:$B$379,bkc_bu)=0,"—",SUMIFS(_book!$AK$2:$AK$379,_book!$C$2:$C$379,$A16,_book!$A$2:$A$379,bkc_lob,_book!$B$2:$B$379,bkc_bu)/SUMIFS(_book!$F$2:$F$379,_book!$C$2:$C$379,$A16,_book!$A$2:$A$379,bkc_lob,_book!$B$2:$B$379,bkc_bu)) -> 0.97779416 | Y16: =IF(SUMIFS(_book!$F$2:$F$379,_book!$C$2:$C$379,$A16,_book!$A$2:$A$379,bkc_lob,_book!$B$2:$B$379,bkc_bu)=0,"—",SUMIFS(_book!$AL$2:$AL$379,_book!$C$2:$C$379,$A16,_book!$A$2:$A$379,bkc_lob,_book!$B$2:$B$379,bkc_bu)/SUMIFS(_book!$F$2:$F$379,_book!$C$2:$C$379,$A16,_book!$A$2:$A$379,bkc_lob,_book!$B$2:$B$379,bkc_bu)) -> 1.0062221 | Z16: =IF(SUMIFS(_book!$F$2:$F$379,_book!$C$2:$C$379,$A16,_book!$A$2:$A$379,bkc_lob,_book!$B$2:$B$379,bkc_bu)=0,"—",SUMIFS(_book!$AM$2:$AM$379,_book!$C$2:$C$379,$A16,_book!$A$2:$A$379,bkc_lob,_book!$B$2:$B$379,bkc_bu)/SUMIFS(_book!$F$2:$F$379,_book!$C$2:$C$379,$A16,_book!$A$2:$A$379,bkc_lob,_book!$B$2:$B$379,bkc_bu)) -> 1 | AA16: =IF(COUNTIFS(_book!$D$2:$D$379,"?*",_book!$C$2:$C$379,$A16,_book!$A$2:$A$379,bkc_lob,_book!$B$2:$B$379,bkc_bu)=0,"",IF(COUNTIFS(_book!$D$2:$D$379,"?*",_book!$C$2:$C$379,$A16,_book!$A$2:$A$379,bkc_lob,_book!$B$2:$B$379,bkc_bu)=1,$W16*$X16*$Y16*$Z16,IF(SUMIFS(_book!$F$2:$F$379,_book!$C$2:$C$379,$A16,_book!$A$2:$A$379,bkc_lob,_book!$B$2:$B$379,bkc_bu)=0,"—",SUMIFS(_book!$AO$2:$AO$379,_book!$C$2:$C$379,$A16,_book!$A$2:$A$379,bkc_lob,_book!$B$2:$B$379,bkc_bu)/SUMIFS(_book!$F$2:$F$379,_book!$C$2:$C$379,$A16,_book!$A$2:$A$379,bkc_lob,_book!$B$2:$B$379,bkc_bu)))) -> 0.62220101 | AB16: =IF(COUNTIFS(_book!$D$2:$D$379,"?*",_book!$C$2:$C$379,$A16,_book!$A$2:$A$379,bkc_lob,_book!$B$2:$B$379,bkc_bu)<=1,"",($AA16-$W16*$X16*$Y16*$Z16)*100) -> -0.027462199 | AC16: =IF(SUMIFS(_book!$F$2:$F$379,_book!$C$2:$C$379,$A16,_book!$A$2:$A$379,bkc_lob,_book!$B$2:$B$379,bkc_bu)=0,"—",SUMIFS(_book!$AQ$2:$AQ$379,_book!$C$2:$C$379,$A16,_book!$A$2:$A$379,bkc_lob,_book!$B$2:$B$379,bkc_bu)/SUMIFS(_book!$F$2:$F$379,_book!$C$2:$C$379,$A16,_book!$A$2:$A$379,bkc_lob,_book!$B$2:$B$379,bkc_bu)) -> 0 | AD16: =IF(SUMIFS(_book!$F$2:$F$379,_book!$C$2:$C$379,$A16,_book!$A$2:$A$379,bkc_lob,_book!$B$2:$B$379,bkc_bu)=0,"—",SUMIFS(_book!$AR$2:$AR$379,_book!$C$2:$C$379,$A16,_book!$A$2:$A$379,bkc_lob,_book!$B$2:$B$379,bkc_bu)/SUMIFS(_book!$F$2:$F$379,_book!$C$2:$C$379,$A16,_book!$A$2:$A$379,bkc_lob,_book!$B$2:$B$379,bkc_bu)) -> 0.93770699 | AE16: =IF(SUMIFS(_book!$F$2:$F$379,_book!$C$2:$C$379,$A16,_book!$A$2:$A$379,bkc_lob,_book!$B$2:$B$379,bkc_bu)=0,"—",SUMIFS(_book!$AS$2:$AS$379,_book!$C$2:$C$379,$A16,_book!$A$2:$A$379,bkc_lob,_book!$B$2:$B$379,bkc_bu)/SUMIFS(_book!$F$2:$F$379,_book!$C$2:$C$379,$A16,_book!$A$2:$A$379,bkc_lob,_book!$B$2:$B$379,bkc_bu)) -> 1.0039102 | AF16: =IF(COUNTIFS(_book!$D$2:$D$379,"?*",_book!$C$2:$C$379,$A16,_book!$A$2:$A$379,bkc_lob,_book!$B$2:$B$379,bkc_bu)=0,"",IF(COUNTIFS(_book!$D$2:$D$379,"?*",_book!$C$2:$C$379,$A16,_book!$A$2:$A$379,bkc_lob,_book!$B$2:$B$379,bkc_bu)=1,$W16*(1+$AC16)*$AD16*$AE16*$Z16,IF(SUMIFS(_book!$F$2:$F$379,_book!$C$2:$C$379,$A16,_book!$A$2:$A$379,bkc_lob,_book!$B$2:$B$379,bkc_bu)=0,"—",SUMIFS(_book!$AP$2:$AP$379,_book!$C$2:$C$379,$A16,_book!$A$2:$A$379,bkc_lob,_book!$B$2:$B$379,bkc_bu)/SUMIFS(_book!$F$2:$F$379,_book!$C$2:$C$379,$A16,_book!$A$2:$A$379,bkc_lob,_book!$B$2:$B$379,bkc_bu)))) -> 0.59490705 | AG16: =IF(COUNTIFS(_book!$D$2:$D$379,"?*",_book!$C$2:$C$379,$A16,_book!$A$2:$A$379,bkc_lob,_book!$B$2:$B$379,bkc_bu)=0,"",IF(SUMIFS(_book!$V$2:$V$379,_book!$C$2:$C$379,$A16,_book!$A$2:$A$379,bkc_lob,_book!$B$2:$B$379,bkc_bu)=0,"—",SUMIFS(_book!$W$2:$W$379,_book!$C$2:$C$379,$A16,_book!$A$2:$A$379,bkc_lob,_book!$B$2:$B$379,bkc_bu)/SUMIFS(_book!$V$2:$V$379,_book!$C$2:$C$379,$A16,_book!$A$2:$A$379,bkc_lob,_book!$B$2:$B$379,bkc_bu))) -> 0.1 | AH16: =IF(SUMIFS(_book!$V$2:$V$379,_book!$C$2:$C$379,$A16,_book!$A$2:$A$379,bkc_lob,_book!$B$2:$B$379,bkc_bu)=0,"—",IF(SUMIFS(_book!$F$2:$F$379,_book!$C$2:$C$379,$A16,_book!$A$2:$A$379,bkc_lob,_book!$B$2:$B$379,bkc_bu)=0,"—",SUMIFS(_book!$AT$2:$AT$379,_book!$C$2:$C$379,$A16,_book!$A$2:$A$379,bkc_lob,_book!$B$2:$B$379,bkc_bu)/SUMIFS(_book!$F$2:$F$379,_book!$C$2:$C$379,$A16,_book!$A$2:$A$379,bkc_lob,_book!$B$2:$B$379,bkc_bu))) -> 0.6198381 | AI16: =IF(SUMIFS(_book!$V$2:$V$379,_book!$C$2:$C$379,$A16,_book!$A$2:$A$379,bkc_lob,_book!$B$2:$B$379,bkc_bu)=0,"—",($AH16-$AA16)*100) -> -0.23629104
A17: MD | B17: =SUMIFS(_book!$F$2:$F$379,_book!$C$2:$C$379,$A17,_book!$A$2:$A$379,bkc_lob,_book!$B$2:$B$379,bkc_bu) -> 935000 | C17: =IF(SUMIFS(_book!$F$2:$F$379,_book!$C$2:$C$379,$A17,_book!$A$2:$A$379,bkc_lob,_book!$B$2:$B$379,bkc_bu)=0,"—",SUMIFS(_book!$AV$2:$AV$379,_book!$C$2:$C$379,$A17,_book!$A$2:$A$379,bkc_lob,_book!$B$2:$B$379,bkc_bu)/SUMIFS(_book!$F$2:$F$379,_book!$C$2:$C$379,$A17,_book!$A$2:$A$379,bkc_lob,_book!$B$2:$B$379,bkc_bu)) -> 0.92858824 | D17: =IF(SUMIFS(_book!$F$2:$F$379,_book!$C$2:$C$379,$A17,_book!$A$2:$A$379,bkc_lob,_book!$B$2:$B$379,bkc_bu)=0,"—",SUMIFS(_book!$AW$2:$AW$379,_book!$C$2:$C$379,$A17,_book!$A$2:$A$379,bkc_lob,_book!$B$2:$B$379,bkc_bu)/SUMIFS(_book!$F$2:$F$379,_book!$C$2:$C$379,$A17,_book!$A$2:$A$379,bkc_lob,_book!$B$2:$B$379,bkc_bu)) -> 0.91858824 | E17: =IF(SUMIFS(_book!$F$2:$F$379,_book!$C$2:$C$379,$A17,_book!$A$2:$A$379,bkc_lob,_book!$B$2:$B$379,bkc_bu)=0,"—",SUMIFS(_book!$AX$2:$AX$379,_book!$C$2:$C$379,$A17,_book!$A$2:$A$379,bkc_lob,_book!$B$2:$B$379,bkc_bu)/SUMIFS(_book!$F$2:$F$379,_book!$C$2:$C$379,$A17,_book!$A$2:$A$379,bkc_lob,_book!$B$2:$B$379,bkc_bu)) -> 0.93858824 | F17: =IF(COUNTIFS(_book!$D$2:$D$379,"?*",_book!$C$2:$C$379,$A17,_book!$A$2:$A$379,bkc_lob,_book!$B$2:$B$379,bkc_bu)<>1,"—",INDEX(_book!$DG$2:$DG$379,MATCH(bkf_lob&"|"&bkf_bu&"|"&$A17,_book!$E$2:$E$379,0))) -> — | G17: =IF(COUNTIFS(_book!$D$2:$D$379,"?*",_book!$C$2:$C$379,$A17,_book!$A$2:$A$379,bkc_lob,_book!$B$2:$B$379,bkc_bu)<>1,"—",INDEX(_book!$DH$2:$DH$379,MATCH(bkf_lob&"|"&bkf_bu&"|"&$A17,_book!$E$2:$E$379,0))) -> — | H17: =IF(COUNTIFS(_book!$D$2:$D$379,"?*",_book!$C$2:$C$379,$A17,_book!$A$2:$A$379,bkc_lob,_book!$B$2:$B$379,bkc_bu)<>1,"—",INDEX(_book!$DI$2:$DI$379,MATCH(bkf_lob&"|"&bkf_bu&"|"&$A17,_book!$E$2:$E$379,0))) -> — | I17: =IF(COUNTIFS(_book!$D$2:$D$379,"?*",_book!$C$2:$C$379,$A17,_book!$A$2:$A$379,bkc_lob,_book!$B$2:$B$379,bkc_bu)<>1,"—",INDEX(_book!$DJ$2:$DJ$379,MATCH(bkf_lob&"|"&bkf_bu&"|"&$A17,_book!$E$2:$E$379,0))) -> — | J17: =IF(COUNTIFS(_book!$D$2:$D$379,"?*",_book!$C$2:$C$379,$A17,_book!$A$2:$A$379,bkc_lob,_book!$B$2:$B$379,bkc_bu)<>1,"—",INDEX(_book!$DK$2:$DK$379,MATCH(bkf_lob&"|"&bkf_bu&"|"&$A17,_book!$E$2:$E$379,0))) -> — | K17: =IF(COUNTIFS(_book!$D$2:$D$379,"?*",_book!$C$2:$C$379,$A17,_book!$A$2:$A$379,bkc_lob,_book!$B$2:$B$379,bkc_bu)<>1,"—",INDEX(_book!$DL$2:$DL$379,MATCH(bkf_lob&"|"&bkf_bu&"|"&$A17,_book!$E$2:$E$379,0))) -> — | L17: =IF(COUNTIFS(_book!$D$2:$D$379,"?*",_book!$C$2:$C$379,$A17,_book!$A$2:$A$379,bkc_lob,_book!$B$2:$B$379,bkc_bu)<>1,"—",INDEX(_book!$DM$2:$DM$379,MATCH(bkf_lob&"|"&bkf_bu&"|"&$A17,_book!$E$2:$E$379,0))) -> — | M17: =IF(COUNTIFS(_book!$D$2:$D$379,"?*",_book!$C$2:$C$379,$A17,_book!$A$2:$A$379,bkc_lob,_book!$B$2:$B$379,bkc_bu)<>1,"—",INDEX(_book!$DN$2:$DN$379,MATCH(bkf_lob&"|"&bkf_bu&"|"&$A17,_book!$E$2:$E$379,0))) -> — | N17: =IF(COUNTIFS(_book!$D$2:$D$379,"?*",_book!$C$2:$C$379,$A17,_book!$A$2:$A$379,bkc_lob,_book!$B$2:$B$379,bkc_bu)<>1,"—",INDEX(_book!$DO$2:$DO$379,MATCH(bkf_lob&"|"&bkf_bu&"|"&$A17,_book!$E$2:$E$379,0))) -> — | O17: =IF(COUNTIFS(_book!$D$2:$D$379,"?*",_book!$C$2:$C$379,$A17,_book!$A$2:$A$379,bkc_lob,_book!$B$2:$B$379,bkc_bu)<>1,"—",INDEX(_book!$DP$2:$DP$379,MATCH(bkf_lob&"|"&bkf_bu&"|"&$A17,_book!$E$2:$E$379,0))) -> — | P17: =IF(COUNTIFS(_book!$D$2:$D$379,"?*",_book!$C$2:$C$379,$A17,_book!$A$2:$A$379,bkc_lob,_book!$B$2:$B$379,bkc_bu)<>1,"—",INDEX(_book!$DQ$2:$DQ$379,MATCH(bkf_lob&"|"&bkf_bu&"|"&$A17,_book!$E$2:$E$379,0))) -> — | Q17: =IF(COUNTIFS(_book!$D$2:$D$379,"?*",_book!$C$2:$C$379,$A17,_book!$A$2:$A$379,bkc_lob,_book!$B$2:$B$379,bkc_bu)<>1,"—",INDEX(_book!$DR$2:$DR$379,MATCH(bkf_lob&"|"&bkf_bu&"|"&$A17,_book!$E$2:$E$379,0))) -> — | R17: =SUMIFS(_book!$AC$2:$AC$379,_book!$C$2:$C$379,$A17,_book!$A$2:$A$379,bkc_lob,_book!$B$2:$B$379,bkc_bu) -> 18 | S17: =SUMIFS(_book!$AD$2:$AD$379,_book!$C$2:$C$379,$A17,_book!$A$2:$A$379,bkc_lob,_book!$B$2:$B$379,bkc_bu) -> 6 | T17: =IF(SUMIFS(_book!$F$2:$F$379,_book!$C$2:$C$379,$A17,_book!$A$2:$A$379,bkc_lob,_book!$B$2:$B$379,bkc_bu)=0,"—",SUMIFS(_book!$AH$2:$AH$379,_book!$C$2:$C$379,$A17,_book!$A$2:$A$379,bkc_lob,_book!$B$2:$B$379,bkc_bu)/SUMIFS(_book!$F$2:$F$379,_book!$C$2:$C$379,$A17,_book!$A$2:$A$379,bkc_lob,_book!$B$2:$B$379,bkc_bu)) -> 1.0381818 | U17: =IF(SUMIFS(_book!$F$2:$F$379,_book!$C$2:$C$379,$A17,_book!$A$2:$A$379,bkc_lob,_book!$B$2:$B$379,bkc_bu)=0,"—",SUMIFS(_book!$AI$2:$AI$379,_book!$C$2:$C$379,$A17,_book!$A$2:$A$379,bkc_lob,_book!$B$2:$B$379,bkc_bu)/SUMIFS(_book!$F$2:$F$379,_book!$C$2:$C$379,$A17,_book!$A$2:$A$379,bkc_lob,_book!$B$2:$B$379,bkc_bu)) -> 1.0307939 | V17: =IF(SUMIFS(_book!$F$2:$F$379,_book!$C$2:$C$379,$A17,_book!$A$2:$A$379,bkc_lob,_book!$B$2:$B$379,bkc_bu)=0,"—",SUMIFS(_book!$AJ$2:$AJ$379,_book!$C$2:$C$379,$A17,_book!$A$2:$A$379,bkc_lob,_book!$B$2:$B$379,bkc_bu)/SUMIFS(_book!$F$2:$F$379,_book!$C$2:$C$379,$A17,_book!$A$2:$A$379,bkc_lob,_book!$B$2:$B$379,bkc_bu)) -> 0.92276777 | W17: =IF(SUMIFS(_book!$F$2:$F$379,_book!$C$2:$C$379,$A17,_book!$A$2:$A$379,bkc_lob,_book!$B$2:$B$379,bkc_bu)=0,"—",SUMIFS(_book!$AN$2:$AN$379,_book!$C$2:$C$379,$A17,_book!$A$2:$A$379,bkc_lob,_book!$B$2:$B$379,bkc_bu)/SUMIFS(_book!$F$2:$F$379,_book!$C$2:$C$379,$A17,_book!$A$2:$A$379,bkc_lob,_book!$B$2:$B$379,bkc_bu)) -> 0.62974225 | X17: =IF(SUMIFS(_book!$F$2:$F$379,_book!$C$2:$C$379,$A17,_book!$A$2:$A$379,bkc_lob,_book!$B$2:$B$379,bkc_bu)=0,"—",SUMIFS(_book!$AK$2:$AK$379,_book!$C$2:$C$379,$A17,_book!$A$2:$A$379,bkc_lob,_book!$B$2:$B$379,bkc_bu)/SUMIFS(_book!$F$2:$F$379,_book!$C$2:$C$379,$A17,_book!$A$2:$A$379,bkc_lob,_book!$B$2:$B$379,bkc_bu)) -> 1.0071014 | Y17: =IF(SUMIFS(_book!$F$2:$F$379,_book!$C$2:$C$379,$A17,_book!$A$2:$A$379,bkc_lob,_book!$B$2:$B$379,bkc_bu)=0,"—",SUMIFS(_book!$AL$2:$AL$379,_book!$C$2:$C$379,$A17,_book!$A$2:$A$379,bkc_lob,_book!$B$2:$B$379,bkc_bu)/SUMIFS(_book!$F$2:$F$379,_book!$C$2:$C$379,$A17,_book!$A$2:$A$379,bkc_lob,_book!$B$2:$B$379,bkc_bu)) -> 1.0063332 | Z17: =IF(SUMIFS(_book!$F$2:$F$379,_book!$C$2:$C$379,$A17,_book!$A$2:$A$379,bkc_lob,_book!$B$2:$B$379,bkc_bu)=0,"—",SUMIFS(_book!$AM$2:$AM$379,_book!$C$2:$C$379,$A17,_book!$A$2:$A$379,bkc_lob,_book!$B$2:$B$379,bkc_bu)/SUMIFS(_book!$F$2:$F$379,_book!$C$2:$C$379,$A17,_book!$A$2:$A$379,bkc_lob,_book!$B$2:$B$379,bkc_bu)) -> 1 | AA17: =IF(COUNTIFS(_book!$D$2:$D$379,"?*",_book!$C$2:$C$379,$A17,_book!$A$2:$A$379,bkc_lob,_book!$B$2:$B$379,bkc_bu)=0,"",IF(COUNTIFS(_book!$D$2:$D$379,"?*",_book!$C$2:$C$379,$A17,_book!$A$2:$A$379,bkc_lob,_book!$B$2:$B$379,bkc_bu)=1,$W17*$X17*$Y17*$Z17,IF(SUMIFS(_book!$F$2:$F$379,_book!$C$2:$C$379,$A17,_book!$A$2:$A$379,bkc_lob,_book!$B$2:$B$379,bkc_bu)=0,"—",SUMIFS(_book!$AO$2:$AO$379,_book!$C$2:$C$379,$A17,_book!$A$2:$A$379,bkc_lob,_book!$B$2:$B$379,bkc_bu)/SUMIFS(_book!$F$2:$F$379,_book!$C$2:$C$379,$A17,_book!$A$2:$A$379,bkc_lob,_book!$B$2:$B$379,bkc_bu)))) -> 0.63832838 | AB17: =IF(COUNTIFS(_book!$D$2:$D$379,"?*",_book!$C$2:$C$379,$A17,_book!$A$2:$A$379,bkc_lob,_book!$B$2:$B$379,bkc_bu)<=1,"",($AA17-$W17*$X17*$Y17*$Z17)*100) -> 0.0097496839 | AC17: =IF(SUMIFS(_book!$F$2:$F$379,_book!$C$2:$C$379,$A17,_book!$A$2:$A$379,bkc_lob,_book!$B$2:$B$379,bkc_bu)=0,"—",SUMIFS(_book!$AQ$2:$AQ$379,_book!$C$2:$C$379,$A17,_book!$A$2:$A$379,bkc_lob,_book!$B$2:$B$379,bkc_bu)/SUMIFS(_book!$F$2:$F$379,_book!$C$2:$C$379,$A17,_book!$A$2:$A$379,bkc_lob,_book!$B$2:$B$379,bkc_bu)) -> 0 | AD17: =IF(SUMIFS(_book!$F$2:$F$379,_book!$C$2:$C$379,$A17,_book!$A$2:$A$379,bkc_lob,_book!$B$2:$B$379,bkc_bu)=0,"—",SUMIFS(_book!$AR$2:$AR$379,_book!$C$2:$C$379,$A17,_book!$A$2:$A$379,bkc_lob,_book!$B$2:$B$379,bkc_bu)/SUMIFS(_book!$F$2:$F$379,_book!$C$2:$C$379,$A17,_book!$A$2:$A$379,bkc_lob,_book!$B$2:$B$379,bkc_bu)) -> 0.98815194 | AE17: =IF(SUMIFS(_book!$F$2:$F$379,_book!$C$2:$C$379,$A17,_book!$A$2:$A$379,bkc_lob,_book!$B$2:$B$379,bkc_bu)=0,"—",SUMIFS(_book!$AS$2:$AS$379,_book!$C$2:$C$379,$A17,_book!$A$2:$A$379,bkc_lob,_book!$B$2:$B$379,bkc_bu)/SUMIFS(_book!$F$2:$F$379,_book!$C$2:$C$379,$A17,_book!$A$2:$A$379,bkc_lob,_book!$B$2:$B$379,bkc_bu)) -> 0.99205455 | AF17: =IF(COUNTIFS(_book!$D$2:$D$379,"?*",_book!$C$2:$C$379,$A17,_book!$A$2:$A$379,bkc_lob,_book!$B$2:$B$379,bkc_bu)=0,"",IF(COUNTIFS(_book!$D$2:$D$379,"?*",_book!$C$2:$C$379,$A17,_book!$A$2:$A$379,bkc_lob,_book!$B$2:$B$379,bkc_bu)=1,$W17*(1+$AC17)*$AD17*$AE17*$Z17,IF(SUMIFS(_book!$F$2:$F$379,_book!$C$2:$C$379,$A17,_book!$A$2:$A$379,bkc_lob,_book!$B$2:$B$379,bkc_bu)=0,"—",SUMIFS(_book!$AP$2:$AP$379,_book!$C$2:$C$379,$A17,_book!$A$2:$A$379,bkc_lob,_book!$B$2:$B$379,bkc_bu)/SUMIFS(_book!$F$2:$F$379,_book!$C$2:$C$379,$A17,_book!$A$2:$A$379,bkc_lob,_book!$B$2:$B$379,bkc_bu)))) -> 0.61718697 | AG17: =IF(COUNTIFS(_book!$D$2:$D$379,"?*",_book!$C$2:$C$379,$A17,_book!$A$2:$A$379,bkc_lob,_book!$B$2:$B$379,bkc_bu)=0,"",IF(SUMIFS(_book!$V$2:$V$379,_book!$C$2:$C$379,$A17,_book!$A$2:$A$379,bkc_lob,_book!$B$2:$B$379,bkc_bu)=0,"—",SUMIFS(_book!$W$2:$W$379,_book!$C$2:$C$379,$A17,_book!$A$2:$A$379,bkc_lob,_book!$B$2:$B$379,bkc_bu)/SUMIFS(_book!$V$2:$V$379,_book!$C$2:$C$379,$A17,_book!$A$2:$A$379,bkc_lob,_book!$B$2:$B$379,bkc_bu))) -> — | AH17: =IF(SUMIFS(_book!$V$2:$V$379,_book!$C$2:$C$379,$A17,_book!$A$2:$A$379,bkc_lob,_book!$B$2:$B$379,bkc_bu)=0,"—",IF(SUMIFS(_book!$F$2:$F$379,_book!$C$2:$C$379,$A17,_book!$A$2:$A$379,bkc_lob,_book!$B$2:$B$379,bkc_bu)=0,"—",SUMIFS(_book!$AT$2:$AT$379,_book!$C$2:$C$379,$A17,_book!$A$2:$A$379,bkc_lob,_book!$B$2:$B$379,bkc_bu)/SUMIFS(_book!$F$2:$F$379,_book!$C$2:$C$379,$A17,_book!$A$2:$A$379,bkc_lob,_book!$B$2:$B$379,bkc_bu))) -> — | AI17: =IF(SUMIFS(_book!$V$2:$V$379,_book!$C$2:$C$379,$A17,_book!$A$2:$A$379,bkc_lob,_book!$B$2:$B$379,bkc_bu)=0,"—",($AH17-$AA17)*100) -> —
A18: MI | B18: =SUMIFS(_book!$F$2:$F$379,_book!$C$2:$C$379,$A18,_book!$A$2:$A$379,bkc_lob,_book!$B$2:$B$379,bkc_bu) -> 1020000 | C18: =IF(SUMIFS(_book!$F$2:$F$379,_book!$C$2:$C$379,$A18,_book!$A$2:$A$379,bkc_lob,_book!$B$2:$B$379,bkc_bu)=0,"—",SUMIFS(_book!$AV$2:$AV$379,_book!$C$2:$C$379,$A18,_book!$A$2:$A$379,bkc_lob,_book!$B$2:$B$379,bkc_bu)/SUMIFS(_book!$F$2:$F$379,_book!$C$2:$C$379,$A18,_book!$A$2:$A$379,bkc_lob,_book!$B$2:$B$379,bkc_bu)) -> 0.92858824 | D18: =IF(SUMIFS(_book!$F$2:$F$379,_book!$C$2:$C$379,$A18,_book!$A$2:$A$379,bkc_lob,_book!$B$2:$B$379,bkc_bu)=0,"—",SUMIFS(_book!$AW$2:$AW$379,_book!$C$2:$C$379,$A18,_book!$A$2:$A$379,bkc_lob,_book!$B$2:$B$379,bkc_bu)/SUMIFS(_book!$F$2:$F$379,_book!$C$2:$C$379,$A18,_book!$A$2:$A$379,bkc_lob,_book!$B$2:$B$379,bkc_bu)) -> 0.91858824 | E18: =IF(SUMIFS(_book!$F$2:$F$379,_book!$C$2:$C$379,$A18,_book!$A$2:$A$379,bkc_lob,_book!$B$2:$B$379,bkc_bu)=0,"—",SUMIFS(_book!$AX$2:$AX$379,_book!$C$2:$C$379,$A18,_book!$A$2:$A$379,bkc_lob,_book!$B$2:$B$379,bkc_bu)/SUMIFS(_book!$F$2:$F$379,_book!$C$2:$C$379,$A18,_book!$A$2:$A$379,bkc_lob,_book!$B$2:$B$379,bkc_bu)) -> 0.91858824 | F18: =IF(COUNTIFS(_book!$D$2:$D$379,"?*",_book!$C$2:$C$379,$A18,_book!$A$2:$A$379,bkc_lob,_book!$B$2:$B$379,bkc_bu)<>1,"—",INDEX(_book!$DG$2:$DG$379,MATCH(bkf_lob&"|"&bkf_bu&"|"&$A18,_book!$E$2:$E$379,0))) -> — | G18: =IF(COUNTIFS(_book!$D$2:$D$379,"?*",_book!$C$2:$C$379,$A18,_book!$A$2:$A$379,bkc_lob,_book!$B$2:$B$379,bkc_bu)<>1,"—",INDEX(_book!$DH$2:$DH$379,MATCH(bkf_lob&"|"&bkf_bu&"|"&$A18,_book!$E$2:$E$379,0))) -> — | H18: =IF(COUNTIFS(_book!$D$2:$D$379,"?*",_book!$C$2:$C$379,$A18,_book!$A$2:$A$379,bkc_lob,_book!$B$2:$B$379,bkc_bu)<>1,"—",INDEX(_book!$DI$2:$DI$379,MATCH(bkf_lob&"|"&bkf_bu&"|"&$A18,_book!$E$2:$E$379,0))) -> — | I18: =IF(COUNTIFS(_book!$D$2:$D$379,"?*",_book!$C$2:$C$379,$A18,_book!$A$2:$A$379,bkc_lob,_book!$B$2:$B$379,bkc_bu)<>1,"—",INDEX(_book!$DJ$2:$DJ$379,MATCH(bkf_lob&"|"&bkf_bu&"|"&$A18,_book!$E$2:$E$379,0))) -> — | J18: =IF(COUNTIFS(_book!$D$2:$D$379,"?*",_book!$C$2:$C$379,$A18,_book!$A$2:$A$379,bkc_lob,_book!$B$2:$B$379,bkc_bu)<>1,"—",INDEX(_book!$DK$2:$DK$379,MATCH(bkf_lob&"|"&bkf_bu&"|"&$A18,_book!$E$2:$E$379,0))) -> — | K18: =IF(COUNTIFS(_book!$D$2:$D$379,"?*",_book!$C$2:$C$379,$A18,_book!$A$2:$A$379,bkc_lob,_book!$B$2:$B$379,bkc_bu)<>1,"—",INDEX(_book!$DL$2:$DL$379,MATCH(bkf_lob&"|"&bkf_bu&"|"&$A18,_book!$E$2:$E$379,0))) -> — | L18: =IF(COUNTIFS(_book!$D$2:$D$379,"?*",_book!$C$2:$C$379,$A18,_book!$A$2:$A$379,bkc_lob,_book!$B$2:$B$379,bkc_bu)<>1,"—",INDEX(_book!$DM$2:$DM$379,MATCH(bkf_lob&"|"&bkf_bu&"|"&$A18,_book!$E$2:$E$379,0))) -> — | M18: =IF(COUNTIFS(_book!$D$2:$D$379,"?*",_book!$C$2:$C$379,$A18,_book!$A$2:$A$379,bkc_lob,_book!$B$2:$B$379,bkc_bu)<>1,"—",INDEX(_book!$DN$2:$DN$379,MATCH(bkf_lob&"|"&bkf_bu&"|"&$A18,_book!$E$2:$E$379,0))) -> — | N18: =IF(COUNTIFS(_book!$D$2:$D$379,"?*",_book!$C$2:$C$379,$A18,_book!$A$2:$A$379,bkc_lob,_book!$B$2:$B$379,bkc_bu)<>1,"—",INDEX(_book!$DO$2:$DO$379,MATCH(bkf_lob&"|"&bkf_bu&"|"&$A18,_book!$E$2:$E$379,0))) -> — | O18: =IF(COUNTIFS(_book!$D$2:$D$379,"?*",_book!$C$2:$C$379,$A18,_book!$A$2:$A$379,bkc_lob,_book!$B$2:$B$379,bkc_bu)<>1,"—",INDEX(_book!$DP$2:$DP$379,MATCH(bkf_lob&"|"&bkf_bu&"|"&$A18,_book!$E$2:$E$379,0))) -> — | P18: =IF(COUNTIFS(_book!$D$2:$D$379,"?*",_book!$C$2:$C$379,$A18,_book!$A$2:$A$379,bkc_lob,_book!$B$2:$B$379,bkc_bu)<>1,"—",INDEX(_book!$DQ$2:$DQ$379,MATCH(bkf_lob&"|"&bkf_bu&"|"&$A18,_book!$E$2:$E$379,0))) -> — | Q18: =IF(COUNTIFS(_book!$D$2:$D$379,"?*",_book!$C$2:$C$379,$A18,_book!$A$2:$A$379,bkc_lob,_book!$B$2:$B$379,bkc_bu)<>1,"—",INDEX(_book!$DR$2:$DR$379,MATCH(bkf_lob&"|"&bkf_bu&"|"&$A18,_book!$E$2:$E$379,0))) -> — | R18: =SUMIFS(_book!$AC$2:$AC$379,_book!$C$2:$C$379,$A18,_book!$A$2:$A$379,bkc_lob,_book!$B$2:$B$379,bkc_bu) -> 18 | S18: =SUMIFS(_book!$AD$2:$AD$379,_book!$C$2:$C$379,$A18,_book!$A$2:$A$379,bkc_lob,_book!$B$2:$B$379,bkc_bu) -> 0 | T18: =IF(SUMIFS(_book!$F$2:$F$379,_book!$C$2:$C$379,$A18,_book!$A$2:$A$379,bkc_lob,_book!$B$2:$B$379,bkc_bu)=0,"—",SUMIFS(_book!$AH$2:$AH$379,_book!$C$2:$C$379,$A18,_book!$A$2:$A$379,bkc_lob,_book!$B$2:$B$379,bkc_bu)/SUMIFS(_book!$F$2:$F$379,_book!$C$2:$C$379,$A18,_book!$A$2:$A$379,bkc_lob,_book!$B$2:$B$379,bkc_bu)) -> 1.0303333 | U18: =IF(SUMIFS(_book!$F$2:$F$379,_book!$C$2:$C$379,$A18,_book!$A$2:$A$379,bkc_lob,_book!$B$2:$B$379,bkc_bu)=0,"—",SUMIFS(_book!$AI$2:$AI$379,_book!$C$2:$C$379,$A18,_book!$A$2:$A$379,bkc_lob,_book!$B$2:$B$379,bkc_bu)/SUMIFS(_book!$F$2:$F$379,_book!$C$2:$C$379,$A18,_book!$A$2:$A$379,bkc_lob,_book!$B$2:$B$379,bkc_bu)) -> 1.0258389 | V18: =IF(SUMIFS(_book!$F$2:$F$379,_book!$C$2:$C$379,$A18,_book!$A$2:$A$379,bkc_lob,_book!$B$2:$B$379,bkc_bu)=0,"—",SUMIFS(_book!$AJ$2:$AJ$379,_book!$C$2:$C$379,$A18,_book!$A$2:$A$379,bkc_lob,_book!$B$2:$B$379,bkc_bu)/SUMIFS(_book!$F$2:$F$379,_book!$C$2:$C$379,$A18,_book!$A$2:$A$379,bkc_lob,_book!$B$2:$B$379,bkc_bu)) -> 0.91858824 | W18: =IF(SUMIFS(_book!$F$2:$F$379,_book!$C$2:$C$379,$A18,_book!$A$2:$A$379,bkc_lob,_book!$B$2:$B$379,bkc_bu)=0,"—",SUMIFS(_book!$AN$2:$AN$379,_book!$C$2:$C$379,$A18,_book!$A$2:$A$379,bkc_lob,_book!$B$2:$B$379,bkc_bu)/SUMIFS(_book!$F$2:$F$379,_book!$C$2:$C$379,$A18,_book!$A$2:$A$379,bkc_lob,_book!$B$2:$B$379,bkc_bu)) -> 0.62883922 | X18: =IF(SUMIFS(_book!$F$2:$F$379,_book!$C$2:$C$379,$A18,_book!$A$2:$A$379,bkc_lob,_book!$B$2:$B$379,bkc_bu)=0,"—",SUMIFS(_book!$AK$2:$AK$379,_book!$C$2:$C$379,$A18,_book!$A$2:$A$379,bkc_lob,_book!$B$2:$B$379,bkc_bu)/SUMIFS(_book!$F$2:$F$379,_book!$C$2:$C$379,$A18,_book!$A$2:$A$379,bkc_lob,_book!$B$2:$B$379,bkc_bu)) -> 1.0044004 | Y18: =IF(SUMIFS(_book!$F$2:$F$379,_book!$C$2:$C$379,$A18,_book!$A$2:$A$379,bkc_lob,_book!$B$2:$B$379,bkc_bu)=0,"—",SUMIFS(_book!$AL$2:$AL$379,_book!$C$2:$C$379,$A18,_book!$A$2:$A$379,bkc_lob,_book!$B$2:$B$379,bkc_bu)/SUMIFS(_book!$F$2:$F$379,_book!$C$2:$C$379,$A18,_book!$A$2:$A$379,bkc_lob,_book!$B$2:$B$379,bkc_bu)) -> 1.0109312 | Z18: =IF(SUMIFS(_book!$F$2:$F$379,_book!$C$2:$C$379,$A18,_book!$A$2:$A$379,bkc_lob,_book!$B$2:$B$379,bkc_bu)=0,"—",SUMIFS(_book!$AM$2:$AM$379,_book!$C$2:$C$379,$A18,_book!$A$2:$A$379,bkc_lob,_book!$B$2:$B$379,bkc_bu)/SUMIFS(_book!$F$2:$F$379,_book!$C$2:$C$379,$A18,_book!$A$2:$A$379,bkc_lob,_book!$B$2:$B$379,bkc_bu)) -> 1 | AA18: =IF(COUNTIFS(_book!$D$2:$D$379,"?*",_book!$C$2:$C$379,$A18,_book!$A$2:$A$379,bkc_lob,_book!$B$2:$B$379,bkc_bu)=0,"",IF(COUNTIFS(_book!$D$2:$D$379,"?*",_book!$C$2:$C$379,$A18,_book!$A$2:$A$379,bkc_lob,_book!$B$2:$B$379,bkc_bu)=1,$W18*$X18*$Y18*$Z18,IF(SUMIFS(_book!$F$2:$F$379,_book!$C$2:$C$379,$A18,_book!$A$2:$A$379,bkc_lob,_book!$B$2:$B$379,bkc_bu)=0,"—",SUMIFS(_book!$AO$2:$AO$379,_book!$C$2:$C$379,$A18,_book!$A$2:$A$379,bkc_lob,_book!$B$2:$B$379,bkc_bu)/SUMIFS(_book!$F$2:$F$379,_book!$C$2:$C$379,$A18,_book!$A$2:$A$379,bkc_lob,_book!$B$2:$B$379,bkc_bu)))) -> 0.63853082 | AB18: =IF(COUNTIFS(_book!$D$2:$D$379,"?*",_book!$C$2:$C$379,$A18,_book!$A$2:$A$379,bkc_lob,_book!$B$2:$B$379,bkc_bu)<=1,"",($AA18-$W18*$X18*$Y18*$Z18)*100) -> 0.0020251375 | AC18: =IF(SUMIFS(_book!$F$2:$F$379,_book!$C$2:$C$379,$A18,_book!$A$2:$A$379,bkc_lob,_book!$B$2:$B$379,bkc_bu)=0,"—",SUMIFS(_book!$AQ$2:$AQ$379,_book!$C$2:$C$379,$A18,_book!$A$2:$A$379,bkc_lob,_book!$B$2:$B$379,bkc_bu)/SUMIFS(_book!$F$2:$F$379,_book!$C$2:$C$379,$A18,_book!$A$2:$A$379,bkc_lob,_book!$B$2:$B$379,bkc_bu)) -> 0 | AD18: =IF(SUMIFS(_book!$F$2:$F$379,_book!$C$2:$C$379,$A18,_book!$A$2:$A$379,bkc_lob,_book!$B$2:$B$379,bkc_bu)=0,"—",SUMIFS(_book!$AR$2:$AR$379,_book!$C$2:$C$379,$A18,_book!$A$2:$A$379,bkc_lob,_book!$B$2:$B$379,bkc_bu)/SUMIFS(_book!$F$2:$F$379,_book!$C$2:$C$379,$A18,_book!$A$2:$A$379,bkc_lob,_book!$B$2:$B$379,bkc_bu)) -> 1 | AE18: =IF(SUMIFS(_book!$F$2:$F$379,_book!$C$2:$C$379,$A18,_book!$A$2:$A$379,bkc_lob,_book!$B$2:$B$379,bkc_bu)=0,"—",SUMIFS(_book!$AS$2:$AS$379,_book!$C$2:$C$379,$A18,_book!$A$2:$A$379,bkc_lob,_book!$B$2:$B$379,bkc_bu)/SUMIFS(_book!$F$2:$F$379,_book!$C$2:$C$379,$A18,_book!$A$2:$A$379,bkc_lob,_book!$B$2:$B$379,bkc_bu)) -> 1.0109312 | AF18: =IF(COUNTIFS(_book!$D$2:$D$379,"?*",_book!$C$2:$C$379,$A18,_book!$A$2:$A$379,bkc_lob,_book!$B$2:$B$379,bkc_bu)=0,"",IF(COUNTIFS(_book!$D$2:$D$379,"?*",_book!$C$2:$C$379,$A18,_book!$A$2:$A$379,bkc_lob,_book!$B$2:$B$379,bkc_bu)=1,$W18*(1+$AC18)*$AD18*$AE18*$Z18,IF(SUMIFS(_book!$F$2:$F$379,_book!$C$2:$C$379,$A18,_book!$A$2:$A$379,bkc_lob,_book!$B$2:$B$379,bkc_bu)=0,"—",SUMIFS(_book!$AP$2:$AP$379,_book!$C$2:$C$379,$A18,_book!$A$2:$A$379,bkc_lob,_book!$B$2:$B$379,bkc_bu)/SUMIFS(_book!$F$2:$F$379,_book!$C$2:$C$379,$A18,_book!$A$2:$A$379,bkc_lob,_book!$B$2:$B$379,bkc_bu)))) -> 0.63571209 | AG18: =IF(COUNTIFS(_book!$D$2:$D$379,"?*",_book!$C$2:$C$379,$A18,_book!$A$2:$A$379,bkc_lob,_book!$B$2:$B$379,bkc_bu)=0,"",IF(SUMIFS(_book!$V$2:$V$379,_book!$C$2:$C$379,$A18,_book!$A$2:$A$379,bkc_lob,_book!$B$2:$B$379,bkc_bu)=0,"—",SUMIFS(_book!$W$2:$W$379,_book!$C$2:$C$379,$A18,_book!$A$2:$A$379,bkc_lob,_book!$B$2:$B$379,bkc_bu)/SUMIFS(_book!$V$2:$V$379,_book!$C$2:$C$379,$A18,_book!$A$2:$A$379,bkc_lob,_book!$B$2:$B$379,bkc_bu))) -> — | AH18: =IF(SUMIFS(_book!$V$2:$V$379,_book!$C$2:$C$379,$A18,_book!$A$2:$A$379,bkc_lob,_book!$B$2:$B$379,bkc_bu)=0,"—",IF(SUMIFS(_book!$F$2:$F$379,_book!$C$2:$C$379,$A18,_book!$A$2:$A$379,bkc_lob,_book!$B$2:$B$379,bkc_bu)=0,"—",SUMIFS(_book!$AT$2:$AT$379,_book!$C$2:$C$379,$A18,_book!$A$2:$A$379,bkc_lob,_book!$B$2:$B$379,bkc_bu)/SUMIFS(_book!$F$2:$F$379,_book!$C$2:$C$379,$A18,_book!$A$2:$A$379,bkc_lob,_book!$B$2:$B$379,bkc_bu))) -> — | AI18: =IF(SUMIFS(_book!$V$2:$V$379,_book!$C$2:$C$379,$A18,_book!$A$2:$A$379,bkc_lob,_book!$B$2:$B$379,bkc_bu)=0,"—",($AH18-$AA18)*100) -> —
A19: MN | B19: =SUMIFS(_book!$F$2:$F$379,_book!$C$2:$C$379,$A19,_book!$A$2:$A$379,bkc_lob,_book!$B$2:$B$379,bkc_bu) -> 816000 | C19: =IF(SUMIFS(_book!$F$2:$F$379,_book!$C$2:$C$379,$A19,_book!$A$2:$A$379,bkc_lob,_book!$B$2:$B$379,bkc_bu)=0,"—",SUMIFS(_book!$AV$2:$AV$379,_book!$C$2:$C$379,$A19,_book!$A$2:$A$379,bkc_lob,_book!$B$2:$B$379,bkc_bu)/SUMIFS(_book!$F$2:$F$379,_book!$C$2:$C$379,$A19,_book!$A$2:$A$379,bkc_lob,_book!$B$2:$B$379,bkc_bu)) -> 0.92858824 | D19: =IF(SUMIFS(_book!$F$2:$F$379,_book!$C$2:$C$379,$A19,_book!$A$2:$A$379,bkc_lob,_book!$B$2:$B$379,bkc_bu)=0,"—",SUMIFS(_book!$AW$2:$AW$379,_book!$C$2:$C$379,$A19,_book!$A$2:$A$379,bkc_lob,_book!$B$2:$B$379,bkc_bu)/SUMIFS(_book!$F$2:$F$379,_book!$C$2:$C$379,$A19,_book!$A$2:$A$379,bkc_lob,_book!$B$2:$B$379,bkc_bu)) -> 0.91858824 | E19: =IF(SUMIFS(_book!$F$2:$F$379,_book!$C$2:$C$379,$A19,_book!$A$2:$A$379,bkc_lob,_book!$B$2:$B$379,bkc_bu)=0,"—",SUMIFS(_book!$AX$2:$AX$379,_book!$C$2:$C$379,$A19,_book!$A$2:$A$379,bkc_lob,_book!$B$2:$B$379,bkc_bu)/SUMIFS(_book!$F$2:$F$379,_book!$C$2:$C$379,$A19,_book!$A$2:$A$379,bkc_lob,_book!$B$2:$B$379,bkc_bu)) -> 0.93358824 | F19: =IF(COUNTIFS(_book!$D$2:$D$379,"?*",_book!$C$2:$C$379,$A19,_book!$A$2:$A$379,bkc_lob,_book!$B$2:$B$379,bkc_bu)<>1,"—",INDEX(_book!$DG$2:$DG$379,MATCH(bkf_lob&"|"&bkf_bu&"|"&$A19,_book!$E$2:$E$379,0))) -> — | G19: =IF(COUNTIFS(_book!$D$2:$D$379,"?*",_book!$C$2:$C$379,$A19,_book!$A$2:$A$379,bkc_lob,_book!$B$2:$B$379,bkc_bu)<>1,"—",INDEX(_book!$DH$2:$DH$379,MATCH(bkf_lob&"|"&bkf_bu&"|"&$A19,_book!$E$2:$E$379,0))) -> — | H19: =IF(COUNTIFS(_book!$D$2:$D$379,"?*",_book!$C$2:$C$379,$A19,_book!$A$2:$A$379,bkc_lob,_book!$B$2:$B$379,bkc_bu)<>1,"—",INDEX(_book!$DI$2:$DI$379,MATCH(bkf_lob&"|"&bkf_bu&"|"&$A19,_book!$E$2:$E$379,0))) -> — | I19: =IF(COUNTIFS(_book!$D$2:$D$379,"?*",_book!$C$2:$C$379,$A19,_book!$A$2:$A$379,bkc_lob,_book!$B$2:$B$379,bkc_bu)<>1,"—",INDEX(_book!$DJ$2:$DJ$379,MATCH(bkf_lob&"|"&bkf_bu&"|"&$A19,_book!$E$2:$E$379,0))) -> — | J19: =IF(COUNTIFS(_book!$D$2:$D$379,"?*",_book!$C$2:$C$379,$A19,_book!$A$2:$A$379,bkc_lob,_book!$B$2:$B$379,bkc_bu)<>1,"—",INDEX(_book!$DK$2:$DK$379,MATCH(bkf_lob&"|"&bkf_bu&"|"&$A19,_book!$E$2:$E$379,0))) -> — | K19: =IF(COUNTIFS(_book!$D$2:$D$379,"?*",_book!$C$2:$C$379,$A19,_book!$A$2:$A$379,bkc_lob,_book!$B$2:$B$379,bkc_bu)<>1,"—",INDEX(_book!$DL$2:$DL$379,MATCH(bkf_lob&"|"&bkf_bu&"|"&$A19,_book!$E$2:$E$379,0))) -> — | L19: =IF(COUNTIFS(_book!$D$2:$D$379,"?*",_book!$C$2:$C$379,$A19,_book!$A$2:$A$379,bkc_lob,_book!$B$2:$B$379,bkc_bu)<>1,"—",INDEX(_book!$DM$2:$DM$379,MATCH(bkf_lob&"|"&bkf_bu&"|"&$A19,_book!$E$2:$E$379,0))) -> — | M19: =IF(COUNTIFS(_book!$D$2:$D$379,"?*",_book!$C$2:$C$379,$A19,_book!$A$2:$A$379,bkc_lob,_book!$B$2:$B$379,bkc_bu)<>1,"—",INDEX(_book!$DN$2:$DN$379,MATCH(bkf_lob&"|"&bkf_bu&"|"&$A19,_book!$E$2:$E$379,0))) -> — | N19: =IF(COUNTIFS(_book!$D$2:$D$379,"?*",_book!$C$2:$C$379,$A19,_book!$A$2:$A$379,bkc_lob,_book!$B$2:$B$379,bkc_bu)<>1,"—",INDEX(_book!$DO$2:$DO$379,MATCH(bkf_lob&"|"&bkf_bu&"|"&$A19,_book!$E$2:$E$379,0))) -> — | O19: =IF(COUNTIFS(_book!$D$2:$D$379,"?*",_book!$C$2:$C$379,$A19,_book!$A$2:$A$379,bkc_lob,_book!$B$2:$B$379,bkc_bu)<>1,"—",INDEX(_book!$DP$2:$DP$379,MATCH(bkf_lob&"|"&bkf_bu&"|"&$A19,_book!$E$2:$E$379,0))) -> — | P19: =IF(COUNTIFS(_book!$D$2:$D$379,"?*",_book!$C$2:$C$379,$A19,_book!$A$2:$A$379,bkc_lob,_book!$B$2:$B$379,bkc_bu)<>1,"—",INDEX(_book!$DQ$2:$DQ$379,MATCH(bkf_lob&"|"&bkf_bu&"|"&$A19,_book!$E$2:$E$379,0))) -> — | Q19: =IF(COUNTIFS(_book!$D$2:$D$379,"?*",_book!$C$2:$C$379,$A19,_book!$A$2:$A$379,bkc_lob,_book!$B$2:$B$379,bkc_bu)<>1,"—",INDEX(_book!$DR$2:$DR$379,MATCH(bkf_lob&"|"&bkf_bu&"|"&$A19,_book!$E$2:$E$379,0))) -> — | R19: =SUMIFS(_book!$AC$2:$AC$379,_book!$C$2:$C$379,$A19,_book!$A$2:$A$379,bkc_lob,_book!$B$2:$B$379,bkc_bu) -> 0 | S19: =SUMIFS(_book!$AD$2:$AD$379,_book!$C$2:$C$379,$A19,_book!$A$2:$A$379,bkc_lob,_book!$B$2:$B$379,bkc_bu) -> 6 | T19: =IF(SUMIFS(_book!$F$2:$F$379,_book!$C$2:$C$379,$A19,_book!$A$2:$A$379,bkc_lob,_book!$B$2:$B$379,bkc_bu)=0,"—",SUMIFS(_book!$AH$2:$AH$379,_book!$C$2:$C$379,$A19,_book!$A$2:$A$379,bkc_lob,_book!$B$2:$B$379,bkc_bu)/SUMIFS(_book!$F$2:$F$379,_book!$C$2:$C$379,$A19,_book!$A$2:$A$379,bkc_lob,_book!$B$2:$B$379,bkc_bu)) -> 1 | U19: =IF(SUMIFS(_book!$F$2:$F$379,_book!$C$2:$C$379,$A19,_book!$A$2:$A$379,bkc_lob,_book!$B$2:$B$379,bkc_bu)=0,"—",SUMIFS(_book!$AI$2:$AI$379,_book!$C$2:$C$379,$A19,_book!$A$2:$A$379,bkc_lob,_book!$B$2:$B$379,bkc_bu)/SUMIFS(_book!$F$2:$F$379,_book!$C$2:$C$379,$A19,_book!$A$2:$A$379,bkc_lob,_book!$B$2:$B$379,bkc_bu)) -> 1.0041302 | V19: =IF(SUMIFS(_book!$F$2:$F$379,_book!$C$2:$C$379,$A19,_book!$A$2:$A$379,bkc_lob,_book!$B$2:$B$379,bkc_bu)=0,"—",SUMIFS(_book!$AJ$2:$AJ$379,_book!$C$2:$C$379,$A19,_book!$A$2:$A$379,bkc_lob,_book!$B$2:$B$379,bkc_bu)/SUMIFS(_book!$F$2:$F$379,_book!$C$2:$C$379,$A19,_book!$A$2:$A$379,bkc_lob,_book!$B$2:$B$379,bkc_bu)) -> 0.92172289 | W19: =IF(SUMIFS(_book!$F$2:$F$379,_book!$C$2:$C$379,$A19,_book!$A$2:$A$379,bkc_lob,_book!$B$2:$B$379,bkc_bu)=0,"—",SUMIFS(_book!$AN$2:$AN$379,_book!$C$2:$C$379,$A19,_book!$A$2:$A$379,bkc_lob,_book!$B$2:$B$379,bkc_bu)/SUMIFS(_book!$F$2:$F$379,_book!$C$2:$C$379,$A19,_book!$A$2:$A$379,bkc_lob,_book!$B$2:$B$379,bkc_bu)) -> 0.62837255 | X19: =IF(SUMIFS(_book!$F$2:$F$379,_book!$C$2:$C$379,$A19,_book!$A$2:$A$379,bkc_lob,_book!$B$2:$B$379,bkc_bu)=0,"—",SUMIFS(_book!$AK$2:$AK$379,_book!$C$2:$C$379,$A19,_book!$A$2:$A$379,bkc_lob,_book!$B$2:$B$379,bkc_bu)/SUMIFS(_book!$F$2:$F$379,_book!$C$2:$C$379,$A19,_book!$A$2:$A$379,bkc_lob,_book!$B$2:$B$379,bkc_bu)) -> 0.99591857 | Y19: =IF(SUMIFS(_book!$F$2:$F$379,_book!$C$2:$C$379,$A19,_book!$A$2:$A$379,bkc_lob,_book!$B$2:$B$379,bkc_bu)=0,"—",SUMIFS(_book!$AL$2:$AL$379,_book!$C$2:$C$379,$A19,_book!$A$2:$A$379,bkc_lob,_book!$B$2:$B$379,bkc_bu)/SUMIFS(_book!$F$2:$F$379,_book!$C$2:$C$379,$A19,_book!$A$2:$A$379,bkc_lob,_book!$B$2:$B$379,bkc_bu)) -> 1.0074786 | Z19: =IF(SUMIFS(_book!$F$2:$F$379,_book!$C$2:$C$379,$A19,_book!$A$2:$A$379,bkc_lob,_book!$B$2:$B$379,bkc_bu)=0,"—",SUMIFS(_book!$AM$2:$AM$379,_book!$C$2:$C$379,$A19,_book!$A$2:$A$379,bkc_lob,_book!$B$2:$B$379,bkc_bu)/SUMIFS(_book!$F$2:$F$379,_book!$C$2:$C$379,$A19,_book!$A$2:$A$379,bkc_lob,_book!$B$2:$B$379,bkc_bu)) -> 1 | AA19: =IF(COUNTIFS(_book!$D$2:$D$379,"?*",_book!$C$2:$C$379,$A19,_book!$A$2:$A$379,bkc_lob,_book!$B$2:$B$379,bkc_bu)=0,"",IF(COUNTIFS(_book!$D$2:$D$379,"?*",_book!$C$2:$C$379,$A19,_book!$A$2:$A$379,bkc_lob,_book!$B$2:$B$379,bkc_bu)=1,$W19*$X19*$Y19*$Z19,IF(SUMIFS(_book!$F$2:$F$379,_book!$C$2:$C$379,$A19,_book!$A$2:$A$379,bkc_lob,_book!$B$2:$B$379,bkc_bu)=0,"—",SUMIFS(_book!$AO$2:$AO$379,_book!$C$2:$C$379,$A19,_book!$A$2:$A$379,bkc_lob,_book!$B$2:$B$379,bkc_bu)/SUMIFS(_book!$F$2:$F$379,_book!$C$2:$C$379,$A19,_book!$A$2:$A$379,bkc_lob,_book!$B$2:$B$379,bkc_bu)))) -> 0.63043984 | AB19: =IF(COUNTIFS(_book!$D$2:$D$379,"?*",_book!$C$2:$C$379,$A19,_book!$A$2:$A$379,bkc_lob,_book!$B$2:$B$379,bkc_bu)<=1,"",($AA19-$W19*$X19*$Y19*$Z19)*100) -> -0.0048184155 | AC19: =IF(SUMIFS(_book!$F$2:$F$379,_book!$C$2:$C$379,$A19,_book!$A$2:$A$379,bkc_lob,_book!$B$2:$B$379,bkc_bu)=0,"—",SUMIFS(_book!$AQ$2:$AQ$379,_book!$C$2:$C$379,$A19,_book!$A$2:$A$379,bkc_lob,_book!$B$2:$B$379,bkc_bu)/SUMIFS(_book!$F$2:$F$379,_book!$C$2:$C$379,$A19,_book!$A$2:$A$379,bkc_lob,_book!$B$2:$B$379,bkc_bu)) -> 0 | AD19: =IF(SUMIFS(_book!$F$2:$F$379,_book!$C$2:$C$379,$A19,_book!$A$2:$A$379,bkc_lob,_book!$B$2:$B$379,bkc_bu)=0,"—",SUMIFS(_book!$AR$2:$AR$379,_book!$C$2:$C$379,$A19,_book!$A$2:$A$379,bkc_lob,_book!$B$2:$B$379,bkc_bu)/SUMIFS(_book!$F$2:$F$379,_book!$C$2:$C$379,$A19,_book!$A$2:$A$379,bkc_lob,_book!$B$2:$B$379,bkc_bu)) -> 0.98676872 | AE19: =IF(SUMIFS(_book!$F$2:$F$379,_book!$C$2:$C$379,$A19,_book!$A$2:$A$379,bkc_lob,_book!$B$2:$B$379,bkc_bu)=0,"—",SUMIFS(_book!$AS$2:$AS$379,_book!$C$2:$C$379,$A19,_book!$A$2:$A$379,bkc_lob,_book!$B$2:$B$379,bkc_bu)/SUMIFS(_book!$F$2:$F$379,_book!$C$2:$C$379,$A19,_book!$A$2:$A$379,bkc_lob,_book!$B$2:$B$379,bkc_bu)) -> 0.996707 | AF19: =IF(COUNTIFS(_book!$D$2:$D$379,"?*",_book!$C$2:$C$379,$A19,_book!$A$2:$A$379,bkc_lob,_book!$B$2:$B$379,bkc_bu)=0,"",IF(COUNTIFS(_book!$D$2:$D$379,"?*",_book!$C$2:$C$379,$A19,_book!$A$2:$A$379,bkc_lob,_book!$B$2:$B$379,bkc_bu)=1,$W19*(1+$AC19)*$AD19*$AE19*$Z19,IF(SUMIFS(_book!$F$2:$F$379,_book!$C$2:$C$379,$A19,_book!$A$2:$A$379,bkc_lob,_book!$B$2:$B$379,bkc_bu)=0,"—",SUMIFS(_book!$AP$2:$AP$379,_book!$C$2:$C$379,$A19,_book!$A$2:$A$379,bkc_lob,_book!$B$2:$B$379,bkc_bu)/SUMIFS(_book!$F$2:$F$379,_book!$C$2:$C$379,$A19,_book!$A$2:$A$379,bkc_lob,_book!$B$2:$B$379,bkc_bu)))) -> 0.61781953 | AG19: =IF(COUNTIFS(_book!$D$2:$D$379,"?*",_book!$C$2:$C$379,$A19,_book!$A$2:$A$379,bkc_lob,_book!$B$2:$B$379,bkc_bu)=0,"",IF(SUMIFS(_book!$V$2:$V$379,_book!$C$2:$C$379,$A19,_book!$A$2:$A$379,bkc_lob,_book!$B$2:$B$379,bkc_bu)=0,"—",SUMIFS(_book!$W$2:$W$379,_book!$C$2:$C$379,$A19,_book!$A$2:$A$379,bkc_lob,_book!$B$2:$B$379,bkc_bu)/SUMIFS(_book!$V$2:$V$379,_book!$C$2:$C$379,$A19,_book!$A$2:$A$379,bkc_lob,_book!$B$2:$B$379,bkc_bu))) -> — | AH19: =IF(SUMIFS(_book!$V$2:$V$379,_book!$C$2:$C$379,$A19,_book!$A$2:$A$379,bkc_lob,_book!$B$2:$B$379,bkc_bu)=0,"—",IF(SUMIFS(_book!$F$2:$F$379,_book!$C$2:$C$379,$A19,_book!$A$2:$A$379,bkc_lob,_book!$B$2:$B$379,bkc_bu)=0,"—",SUMIFS(_book!$AT$2:$AT$379,_book!$C$2:$C$379,$A19,_book!$A$2:$A$379,bkc_lob,_book!$B$2:$B$379,bkc_bu)/SUMIFS(_book!$F$2:$F$379,_book!$C$2:$C$379,$A19,_book!$A$2:$A$379,bkc_lob,_book!$B$2:$B$379,bkc_bu))) -> — | AI19: =IF(SUMIFS(_book!$V$2:$V$379,_book!$C$2:$C$379,$A19,_book!$A$2:$A$379,bkc_lob,_book!$B$2:$B$379,bkc_bu)=0,"—",($AH19-$AA19)*100) -> —
... A28: WI | B28: =SUMIFS(_book!$F$2:$F$379,_book!$C$2:$C$379,$A28,_book!$A$2:$A$379,bkc_lob,_book!$B$2:$B$379,bkc_bu) -> 714000 | C28: =IF(SUMIFS(_book!$F$2:$F$379,_book!$C$2:$C$379,$A28,_book!$A$2:$A$379,bkc_lob,_book!$B$2:$B$379,bkc_bu)=0,"—",SUMIFS(_book!$AV$2:$AV$379,_book!$C$2:$C$379,$A28,_book!$A$2:$A$379,bkc_lob,_book!$B$2:$B$379,bkc_bu)/SUMIFS(_book!$F$2:$F$379,_book!$C$2:$C$379,$A28,_book!$A$2:$A$379,bkc_lob,_book!$B$2:$B$379,bkc_bu)) -> 0.92858824 | D28: =IF(SUMIFS(_book!$F$2:$F$379,_book!$C$2:$C$379,$A28,_book!$A$2:$A$379,bkc_lob,_book!$B$2:$B$379,bkc_bu)=0,"—",SUMIFS(_book!$AW$2:$AW$379,_book!$C$2:$C$379,$A28,_book!$A$2:$A$379,bkc_lob,_book!$B$2:$B$379,bkc_bu)/SUMIFS(_book!$F$2:$F$379,_book!$C$2:$C$379,$A28,_book!$A$2:$A$379,bkc_lob,_book!$B$2:$B$379,bkc_bu)) -> 0.91858824 | E28: =IF(SUMIFS(_book!$F$2:$F$379,_book!$C$2:$C$379,$A28,_book!$A$2:$A$379,bkc_lob,_book!$B$2:$B$379,bkc_bu)=0,"—",SUMIFS(_book!$AX$2:$AX$379,_book!$C$2:$C$379,$A28,_book!$A$2:$A$379,bkc_lob,_book!$B$2:$B$379,bkc_bu)/SUMIFS(_book!$F$2:$F$379,_book!$C$2:$C$379,$A28,_book!$A$2:$A$379,bkc_lob,_book!$B$2:$B$379,bkc_bu)) -> 0.92858824 | F28: =IF(COUNTIFS(_book!$D$2:$D$379,"?*",_book!$C$2:$C$379,$A28,_book!$A$2:$A$379,bkc_lob,_book!$B$2:$B$379,bkc_bu)<>1,"—",INDEX(_book!$DG$2:$DG$379,MATCH(bkf_lob&"|"&bkf_bu&"|"&$A28,_book!$E$2:$E$379,0))) -> — | G28: =IF(COUNTIFS(_book!$D$2:$D$379,"?*",_book!$C$2:$C$379,$A28,_book!$A$2:$A$379,bkc_lob,_book!$B$2:$B$379,bkc_bu)<>1,"—",INDEX(_book!$DH$2:$DH$379,MATCH(bkf_lob&"|"&bkf_bu&"|"&$A28,_book!$E$2:$E$379,0))) -> — | H28: =IF(COUNTIFS(_book!$D$2:$D$379,"?*",_book!$C$2:$C$379,$A28,_book!$A$2:$A$379,bkc_lob,_book!$B$2:$B$379,bkc_bu)<>1,"—",INDEX(_book!$DI$2:$DI$379,MATCH(bkf_lob&"|"&bkf_bu&"|"&$A28,_book!$E$2:$E$379,0))) -> — | I28: =IF(COUNTIFS(_book!$D$2:$D$379,"?*",_book!$C$2:$C$379,$A28,_book!$A$2:$A$379,bkc_lob,_book!$B$2:$B$379,bkc_bu)<>1,"—",INDEX(_book!$DJ$2:$DJ$379,MATCH(bkf_lob&"|"&bkf_bu&"|"&$A28,_book!$E$2:$E$379,0))) -> — | J28: =IF(COUNTIFS(_book!$D$2:$D$379,"?*",_book!$C$2:$C$379,$A28,_book!$A$2:$A$379,bkc_lob,_book!$B$2:$B$379,bkc_bu)<>1,"—",INDEX(_book!$DK$2:$DK$379,MATCH(bkf_lob&"|"&bkf_bu&"|"&$A28,_book!$E$2:$E$379,0))) -> — | K28: =IF(COUNTIFS(_book!$D$2:$D$379,"?*",_book!$C$2:$C$379,$A28,_book!$A$2:$A$379,bkc_lob,_book!$B$2:$B$379,bkc_bu)<>1,"—",INDEX(_book!$DL$2:$DL$379,MATCH(bkf_lob&"|"&bkf_bu&"|"&$A28,_book!$E$2:$E$379,0))) -> — | L28: =IF(COUNTIFS(_book!$D$2:$D$379,"?*",_book!$C$2:$C$379,$A28,_book!$A$2:$A$379,bkc_lob,_book!$B$2:$B$379,bkc_bu)<>1,"—",INDEX(_book!$DM$2:$DM$379,MATCH(bkf_lob&"|"&bkf_bu&"|"&$A28,_book!$E$2:$E$379,0))) -> — | M28: =IF(COUNTIFS(_book!$D$2:$D$379,"?*",_book!$C$2:$C$379,$A28,_book!$A$2:$A$379,bkc_lob,_book!$B$2:$B$379,bkc_bu)<>1,"—",INDEX(_book!$DN$2:$DN$379,MATCH(bkf_lob&"|"&bkf_bu&"|"&$A28,_book!$E$2:$E$379,0))) -> — | N28: =IF(COUNTIFS(_book!$D$2:$D$379,"?*",_book!$C$2:$C$379,$A28,_book!$A$2:$A$379,bkc_lob,_book!$B$2:$B$379,bkc_bu)<>1,"—",INDEX(_book!$DO$2:$DO$379,MATCH(bkf_lob&"|"&bkf_bu&"|"&$A28,_book!$E$2:$E$379,0))) -> — | O28: =IF(COUNTIFS(_book!$D$2:$D$379,"?*",_book!$C$2:$C$379,$A28,_book!$A$2:$A$379,bkc_lob,_book!$B$2:$B$379,bkc_bu)<>1,"—",INDEX(_book!$DP$2:$DP$379,MATCH(bkf_lob&"|"&bkf_bu&"|"&$A28,_book!$E$2:$E$379,0))) -> — | P28: =IF(COUNTIFS(_book!$D$2:$D$379,"?*",_book!$C$2:$C$379,$A28,_book!$A$2:$A$379,bkc_lob,_book!$B$2:$B$379,bkc_bu)<>1,"—",INDEX(_book!$DQ$2:$DQ$379,MATCH(bkf_lob&"|"&bkf_bu&"|"&$A28,_book!$E$2:$E$379,0))) -> — | Q28: =IF(COUNTIFS(_book!$D$2:$D$379,"?*",_book!$C$2:$C$379,$A28,_book!$A$2:$A$379,bkc_lob,_book!$B$2:$B$379,bkc_bu)<>1,"—",INDEX(_book!$DR$2:$DR$379,MATCH(bkf_lob&"|"&bkf_bu&"|"&$A28,_book!$E$2:$E$379,0))) -> — | R28: =SUMIFS(_book!$AC$2:$AC$379,_book!$C$2:$C$379,$A28,_book!$A$2:$A$379,bkc_lob,_book!$B$2:$B$379,bkc_bu) -> 0 | S28: =SUMIFS(_book!$AD$2:$AD$379,_book!$C$2:$C$379,$A28,_book!$A$2:$A$379,bkc_lob,_book!$B$2:$B$379,bkc_bu) -> 6 | T28: =IF(SUMIFS(_book!$F$2:$F$379,_book!$C$2:$C$379,$A28,_book!$A$2:$A$379,bkc_lob,_book!$B$2:$B$379,bkc_bu)=0,"—",SUMIFS(_book!$AH$2:$AH$379,_book!$C$2:$C$379,$A28,_book!$A$2:$A$379,bkc_lob,_book!$B$2:$B$379,bkc_bu)/SUMIFS(_book!$F$2:$F$379,_book!$C$2:$C$379,$A28,_book!$A$2:$A$379,bkc_lob,_book!$B$2:$B$379,bkc_bu)) -> 1 | U28: =IF(SUMIFS(_book!$F$2:$F$379,_book!$C$2:$C$379,$A28,_book!$A$2:$A$379,bkc_lob,_book!$B$2:$B$379,bkc_bu)=0,"—",SUMIFS(_book!$AI$2:$AI$379,_book!$C$2:$C$379,$A28,_book!$A$2:$A$379,bkc_lob,_book!$B$2:$B$379,bkc_bu)/SUMIFS(_book!$F$2:$F$379,_book!$C$2:$C$379,$A28,_book!$A$2:$A$379,bkc_lob,_book!$B$2:$B$379,bkc_bu)) -> 1.0057565 | V28: =IF(SUMIFS(_book!$F$2:$F$379,_book!$C$2:$C$379,$A28,_book!$A$2:$A$379,bkc_lob,_book!$B$2:$B$379,bkc_bu)=0,"—",SUMIFS(_book!$AJ$2:$AJ$379,_book!$C$2:$C$379,$A28,_book!$A$2:$A$379,bkc_lob,_book!$B$2:$B$379,bkc_bu)/SUMIFS(_book!$F$2:$F$379,_book!$C$2:$C$379,$A28,_book!$A$2:$A$379,bkc_lob,_book!$B$2:$B$379,bkc_bu)) -> 0.920678 | W28: =IF(SUMIFS(_book!$F$2:$F$379,_book!$C$2:$C$379,$A28,_book!$A$2:$A$379,bkc_lob,_book!$B$2:$B$379,bkc_bu)=0,"—",SUMIFS(_book!$AN$2:$AN$379,_book!$C$2:$C$379,$A28,_book!$A$2:$A$379,bkc_lob,_book!$B$2:$B$379,bkc_bu)/SUMIFS(_book!$F$2:$F$379,_book!$C$2:$C$379,$A28,_book!$A$2:$A$379,bkc_lob,_book!$B$2:$B$379,bkc_bu)) -> 0.63008683 | X28: =IF(SUMIFS(_book!$F$2:$F$379,_book!$C$2:$C$379,$A28,_book!$A$2:$A$379,bkc_lob,_book!$B$2:$B$379,bkc_bu)=0,"—",SUMIFS(_book!$AK$2:$AK$379,_book!$C$2:$C$379,$A28,_book!$A$2:$A$379,bkc_lob,_book!$B$2:$B$379,bkc_bu)/SUMIFS(_book!$F$2:$F$379,_book!$C$2:$C$379,$A28,_book!$A$2:$A$379,bkc_lob,_book!$B$2:$B$379,bkc_bu)) -> 0.99434256 | Y28: =IF(SUMIFS(_book!$F$2:$F$379,_book!$C$2:$C$379,$A28,_book!$A$2:$A$379,bkc_lob,_book!$B$2:$B$379,bkc_bu)=0,"—",SUMIFS(_book!$AL$2:$AL$379,_book!$C$2:$C$379,$A28,_book!$A$2:$A$379,bkc_lob,_book!$B$2:$B$379,bkc_bu)/SUMIFS(_book!$F$2:$F$379,_book!$C$2:$C$379,$A28,_book!$A$2:$A$379,bkc_lob,_book!$B$2:$B$379,bkc_bu)) -> 1.0086267 | Z28: =IF(SUMIFS(_book!$F$2:$F$379,_book!$C$2:$C$379,$A28,_book!$A$2:$A$379,bkc_lob,_book!$B$2:$B$379,bkc_bu)=0,"—",SUMIFS(_book!$AM$2:$AM$379,_book!$C$2:$C$379,$A28,_book!$A$2:$A$379,bkc_lob,_book!$B$2:$B$379,bkc_bu)/SUMIFS(_book!$F$2:$F$379,_book!$C$2:$C$379,$A28,_book!$A$2:$A$379,bkc_lob,_book!$B$2:$B$379,bkc_bu)) -> 1 | AA28: =IF(COUNTIFS(_book!$D$2:$D$379,"?*",_book!$C$2:$C$379,$A28,_book!$A$2:$A$379,bkc_lob,_book!$B$2:$B$379,bkc_bu)=0,"",IF(COUNTIFS(_book!$D$2:$D$379,"?*",_book!$C$2:$C$379,$A28,_book!$A$2:$A$379,bkc_lob,_book!$B$2:$B$379,bkc_bu)=1,$W28*$X28*$Y28*$Z28,IF(SUMIFS(_book!$F$2:$F$379,_book!$C$2:$C$379,$A28,_book!$A$2:$A$379,bkc_lob,_book!$B$2:$B$379,bkc_bu)=0,"—",SUMIFS(_book!$AO$2:$AO$379,_book!$C$2:$C$379,$A28,_book!$A$2:$A$379,bkc_lob,_book!$B$2:$B$379,bkc_bu)/SUMIFS(_book!$F$2:$F$379,_book!$C$2:$C$379,$A28,_book!$A$2:$A$379,bkc_lob,_book!$B$2:$B$379,bkc_bu)))) -> 0.63202141 | AB28: =IF(COUNTIFS(_book!$D$2:$D$379,"?*",_book!$C$2:$C$379,$A28,_book!$A$2:$A$379,bkc_lob,_book!$B$2:$B$379,bkc_bu)<=1,"",($AA28-$W28*$X28*$Y28*$Z28)*100) -> 0.0094443291 | AC28: =IF(SUMIFS(_book!$F$2:$F$379,_book!$C$2:$C$379,$A28,_book!$A$2:$A$379,bkc_lob,_book!$B$2:$B$379,bkc_bu)=0,"—",SUMIFS(_book!$AQ$2:$AQ$379,_book!$C$2:$C$379,$A28,_book!$A$2:$A$379,bkc_lob,_book!$B$2:$B$379,bkc_bu)/SUMIFS(_book!$F$2:$F$379,_book!$C$2:$C$379,$A28,_book!$A$2:$A$379,bkc_lob,_book!$B$2:$B$379,bkc_bu)) -> 0 | AD28: =IF(SUMIFS(_book!$F$2:$F$379,_book!$C$2:$C$379,$A28,_book!$A$2:$A$379,bkc_lob,_book!$B$2:$B$379,bkc_bu)=0,"—",SUMIFS(_book!$AR$2:$AR$379,_book!$C$2:$C$379,$A28,_book!$A$2:$A$379,bkc_lob,_book!$B$2:$B$379,bkc_bu)/SUMIFS(_book!$F$2:$F$379,_book!$C$2:$C$379,$A28,_book!$A$2:$A$379,bkc_lob,_book!$B$2:$B$379,bkc_bu)) -> 0.98722028 | AE28: =IF(SUMIFS(_book!$F$2:$F$379,_book!$C$2:$C$379,$A28,_book!$A$2:$A$379,bkc_lob,_book!$B$2:$B$379,bkc_bu)=0,"—",SUMIFS(_book!$AS$2:$AS$379,_book!$C$2:$C$379,$A28,_book!$A$2:$A$379,bkc_lob,_book!$B$2:$B$379,bkc_bu)/SUMIFS(_book!$F$2:$F$379,_book!$C$2:$C$379,$A28,_book!$A$2:$A$379,bkc_lob,_book!$B$2:$B$379,bkc_bu)) -> 1.0014035 | AF28: =IF(COUNTIFS(_book!$D$2:$D$379,"?*",_book!$C$2:$C$379,$A28,_book!$A$2:$A$379,bkc_lob,_book!$B$2:$B$379,bkc_bu)=0,"",IF(COUNTIFS(_book!$D$2:$D$379,"?*",_book!$C$2:$C$379,$A28,_book!$A$2:$A$379,bkc_lob,_book!$B$2:$B$379,bkc_bu)=1,$W28*(1+$AC28)*$AD28*$AE28*$Z28,IF(SUMIFS(_book!$F$2:$F$379,_book!$C$2:$C$379,$A28,_book!$A$2:$A$379,bkc_lob,_book!$B$2:$B$379,bkc_bu)=0,"—",SUMIFS(_book!$AP$2:$AP$379,_book!$C$2:$C$379,$A28,_book!$A$2:$A$379,bkc_lob,_book!$B$2:$B$379,bkc_bu)/SUMIFS(_book!$F$2:$F$379,_book!$C$2:$C$379,$A28,_book!$A$2:$A$379,bkc_lob,_book!$B$2:$B$379,bkc_bu)))) -> 0.62309416 | AG28: =IF(COUNTIFS(_book!$D$2:$D$379,"?*",_book!$C$2:$C$379,$A28,_book!$A$2:$A$379,bkc_lob,_book!$B$2:$B$379,bkc_bu)=0,"",IF(SUMIFS(_book!$V$2:$V$379,_book!$C$2:$C$379,$A28,_book!$A$2:$A$379,bkc_lob,_book!$B$2:$B$379,bkc_bu)=0,"—",SUMIFS(_book!$W$2:$W$379,_book!$C$2:$C$379,$A28,_book!$A$2:$A$379,bkc_lob,_book!$B$2:$B$379,bkc_bu)/SUMIFS(_book!$V$2:$V$379,_book!$C$2:$C$379,$A28,_book!$A$2:$A$379,bkc_lob,_book!$B$2:$B$379,bkc_bu))) -> — | AH28: =IF(SUMIFS(_book!$V$2:$V$379,_book!$C$2:$C$379,$A28,_book!$A$2:$A$379,bkc_lob,_book!$B$2:$B$379,bkc_bu)=0,"—",IF(SUMIFS(_book!$F$2:$F$379,_book!$C$2:$C$379,$A28,_book!$A$2:$A$379,bkc_lob,_book!$B$2:$B$379,bkc_bu)=0,"—",SUMIFS(_book!$AT$2:$AT$379,_book!$C$2:$C$379,$A28,_book!$A$2:$A$379,bkc_lob,_book!$B$2:$B$379,bkc_bu)/SUMIFS(_book!$F$2:$F$379,_book!$C$2:$C$379,$A28,_book!$A$2:$A$379,bkc_lob,_book!$B$2:$B$379,bkc_bu))) -> — | AI28: =IF(SUMIFS(_book!$V$2:$V$379,_book!$C$2:$C$379,$A28,_book!$A$2:$A$379,bkc_lob,_book!$B$2:$B$379,bkc_bu)=0,"—",($AH28-$AA28)*100) -> —
A30: TOTAL | B30: =SUMIFS(_book!$F$2:$F$379,_book!$A$2:$A$379,bkc_lob,_book!$B$2:$B$379,bkc_bu) -> 17085000 | C30: =IF(SUMIFS(_book!$F$2:$F$379,_book!$A$2:$A$379,bkc_lob,_book!$B$2:$B$379,bkc_bu)=0,"n/a",SUMIFS(_book!$AV$2:$AV$379,_book!$A$2:$A$379,bkc_lob,_book!$B$2:$B$379,bkc_bu)/SUMIFS(_book!$F$2:$F$379,_book!$A$2:$A$379,bkc_lob,_book!$B$2:$B$379,bkc_bu)) -> 0.92796266 | D30: =IF(SUMIFS(_book!$F$2:$F$379,_book!$A$2:$A$379,bkc_lob,_book!$B$2:$B$379,bkc_bu)=0,"n/a",SUMIFS(_book!$AW$2:$AW$379,_book!$A$2:$A$379,bkc_lob,_book!$B$2:$B$379,bkc_bu)/SUMIFS(_book!$F$2:$F$379,_book!$A$2:$A$379,bkc_lob,_book!$B$2:$B$379,bkc_bu)) -> 0.91825121 | E30: =IF(SUMIFS(_book!$F$2:$F$379,_book!$A$2:$A$379,bkc_lob,_book!$B$2:$B$379,bkc_bu)=0,"n/a",SUMIFS(_book!$AX$2:$AX$379,_book!$A$2:$A$379,bkc_lob,_book!$B$2:$B$379,bkc_bu)/SUMIFS(_book!$F$2:$F$379,_book!$A$2:$A$379,bkc_lob,_book!$B$2:$B$379,bkc_bu)) -> 0.92366912 | R30: =SUMIFS(_book!$AC$2:$AC$379,_book!$A$2:$A$379,bkc_lob,_book!$B$2:$B$379,bkc_bu) -> 264 | S30: =SUMIFS(_book!$AD$2:$AD$379,_book!$A$2:$A$379,bkc_lob,_book!$B$2:$B$379,bkc_bu) -> 126 | T30: =IF(SUMIFS(_book!$F$2:$F$379,_book!$A$2:$A$379,bkc_lob,_book!$B$2:$B$379,bkc_bu)=0,"n/a",SUMIFS(_book!$AH$2:$AH$379,_book!$A$2:$A$379,bkc_lob,_book!$B$2:$B$379,bkc_bu)/SUMIFS(_book!$F$2:$F$379,_book!$A$2:$A$379,bkc_lob,_book!$B$2:$B$379,bkc_bu)) -> 1.0277902 | U30: =IF(SUMIFS(_book!$F$2:$F$379,_book!$A$2:$A$379,bkc_lob,_book!$B$2:$B$379,bkc_bu)=0,"n/a",SUMIFS(_book!$AI$2:$AI$379,_book!$A$2:$A$379,bkc_lob,_book!$B$2:$B$379,bkc_bu)/SUMIFS(_book!$F$2:$F$379,_book!$A$2:$A$379,bkc_lob,_book!$B$2:$B$379,bkc_bu)) -> 1.029114 | V30: =IF(SUMIFS(_book!$F$2:$F$379,_book!$A$2:$A$379,bkc_lob,_book!$B$2:$B$379,bkc_bu)=0,"n/a",SUMIFS(_book!$AJ$2:$AJ$379,_book!$A$2:$A$379,bkc_lob,_book!$B$2:$B$379,bkc_bu)/SUMIFS(_book!$F$2:$F$379,_book!$A$2:$A$379,bkc_lob,_book!$B$2:$B$379,bkc_bu)) -> 0.91957172 | W30: =IF(SUMIFS(_book!$F$2:$F$379,_book!$A$2:$A$379,bkc_lob,_book!$B$2:$B$379,bkc_bu)=0,"n/a",SUMIFS(_book!$AN$2:$AN$379,_book!$A$2:$A$379,bkc_lob,_book!$B$2:$B$379,bkc_bu)/SUMIFS(_book!$F$2:$F$379,_book!$A$2:$A$379,bkc_lob,_book!$B$2:$B$379,bkc_bu)) -> 0.63321728 | X30: =IF(SUMIFS(_book!$F$2:$F$379,_book!$A$2:$A$379,bkc_lob,_book!$B$2:$B$379,bkc_bu)=0,"n/a",SUMIFS(_book!$AK$2:$AK$379,_book!$A$2:$A$379,bkc_lob,_book!$B$2:$B$379,bkc_bu)/SUMIFS(_book!$F$2:$F$379,_book!$A$2:$A$379,bkc_lob,_book!$B$2:$B$379,bkc_bu)) -> 0.99877491 | Y30: =IF(SUMIFS(_book!$F$2:$F$379,_book!$A$2:$A$379,bkc_lob,_book!$B$2:$B$379,bkc_bu)=0,"n/a",SUMIFS(_book!$AL$2:$AL$379,_book!$A$2:$A$379,bkc_lob,_book!$B$2:$B$379,bkc_bu)/SUMIFS(_book!$F$2:$F$379,_book!$A$2:$A$379,bkc_lob,_book!$B$2:$B$379,bkc_bu)) -> 1.0090431 | Z30: =IF(SUMIFS(_book!$F$2:$F$379,_book!$A$2:$A$379,bkc_lob,_book!$B$2:$B$379,bkc_bu)=0,"n/a",SUMIFS(_book!$AM$2:$AM$379,_book!$A$2:$A$379,bkc_lob,_book!$B$2:$B$379,bkc_bu)/SUMIFS(_book!$F$2:$F$379,_book!$A$2:$A$379,bkc_lob,_book!$B$2:$B$379,bkc_bu)) -> 1.0003582 | AA30: =IF(SUMIFS(_book!$F$2:$F$379,_book!$A$2:$A$379,bkc_lob,_book!$B$2:$B$379,bkc_bu)=0,"n/a",SUMIFS(_book!$AO$2:$AO$379,_book!$A$2:$A$379,bkc_lob,_book!$B$2:$B$379,bkc_bu)/SUMIFS(_book!$F$2:$F$379,_book!$A$2:$A$379,bkc_lob,_book!$B$2:$B$379,bkc_bu)) -> 0.63839948 | AB30: =IF($B$30=0,"",($AA30-$W30*$X30*$Y30*$Z30)*100) -> 0.0010095532 | AC30: =IF(SUMIFS(_book!$F$2:$F$379,_book!$A$2:$A$379,bkc_lob,_book!$B$2:$B$379,bkc_bu)=0,"n/a",SUMIFS(_book!$AQ$2:$AQ$379,_book!$A$2:$A$379,bkc_lob,_book!$B$2:$B$379,bkc_bu)/SUMIFS(_book!$F$2:$F$379,_book!$A$2:$A$379,bkc_lob,_book!$B$2:$B$379,bkc_bu)) -> 0.00021890547 | AD30: =IF(SUMIFS(_book!$F$2:$F$379,_book!$A$2:$A$379,bkc_lob,_book!$B$2:$B$379,bkc_bu)=0,"n/a",SUMIFS(_book!$AR$2:$AR$379,_book!$A$2:$A$379,bkc_lob,_book!$B$2:$B$379,bkc_bu)/SUMIFS(_book!$F$2:$F$379,_book!$A$2:$A$379,bkc_lob,_book!$B$2:$B$379,bkc_bu)) -> 0.98686775 | AE30: =IF(SUMIFS(_book!$F$2:$F$379,_book!$A$2:$A$379,bkc_lob,_book!$B$2:$B$379,bkc_bu)=0,"n/a",SUMIFS(_book!$AS$2:$AS$379,_book!$A$2:$A$379,bkc_lob,_book!$B$2:$B$379,bkc_bu)/SUMIFS(_book!$F$2:$F$379,_book!$A$2:$A$379,bkc_lob,_book!$B$2:$B$379,bkc_bu)) -> 1.0047714 | AF30: =IF(SUMIFS(_book!$F$2:$F$379,_book!$A$2:$A$379,bkc_lob,_book!$B$2:$B$379,bkc_bu)=0,"n/a",SUMIFS(_book!$AP$2:$AP$379,_book!$A$2:$A$379,bkc_lob,_book!$B$2:$B$379,bkc_bu)/SUMIFS(_book!$F$2:$F$379,_book!$A$2:$A$379,bkc_lob,_book!$B$2:$B$379,bkc_bu)) -> 0.62825697 | AH30: =IF(SUMIFS(_book!$F$2:$F$379,_book!$A$2:$A$379,bkc_lob,_book!$B$2:$B$379,bkc_bu)=0,"n/a",SUMIFS(_book!$AT$2:$AT$379,_book!$A$2:$A$379,bkc_lob,_book!$B$2:$B$379,bkc_bu)/SUMIFS(_book!$F$2:$F$379,_book!$A$2:$A$379,bkc_lob,_book!$B$2:$B$379,bkc_bu)) -> 0.63832189 | AI30: =IF($B$30=0,"",($AH30-$AA30)*100) -> -0.0077588101
A32: Every metric is adjusted-plan-EP weighted over the lines and business units in view; the state filter on Control does not apply here — this IS the per-state view.
A33: Plan LR is the product of the four factors to its left wherever the filters resolve to a single combo; where a row combines combos the exact EP-weighted value is shown and Mix carries the difference (factor averages do not compound across a mixed book).
A34: Program basis values the same rows on the logged rate program and projected mod path instead of any asserted net target — dashed where nothing asserts one.
A35: Values are harvested from the six LOB workbooks and do not move until the book is rebuilt. Sources and as-of stamp: Control.

Sheet Portfolio
A1: Portfolio — every combo in the book (2027 plan)
A2: One row per line x business unit x state, straight from the harvest. Filter this grid with Excel's own filters (row 6) or narrow the whole book on Control; sorting is safe here because every cell is a value.
A3: Go to: | C3: =HYPERLINK("#Control!A1","Control") -> Control | E3: =HYPERLINK("#'State Summary'!A1","State Summary") -> State Summary | G3: =HYPERLINK("#'Roll-ups'!A1","Roll-ups") -> Roll-ups | I3: =HYPERLINK("#'Program Flow'!A1","Program Flow") -> Program Flow | K3: =HYPERLINK("#Checks!A1","Checks") -> Checks
A6: Line of business | B6: BU | C6: State | D6: Adj plan EP | E6: Projected LR | F6: Rate earn-in | G6: Mod drift | H6: Other adj | I6: CY 2027 plan LR | J6: CY 2028 plan LR | K6: Earned chg vs ind | L6: Carryover | M6: Net target | N6: Plan LR (program) | O6: Program vs asserted (pts) | P6: # taken | Q6: # planned
A7: =_book!$A$2 -> Property | B7: =_book!$B$2 -> ABD | C7: =_book!$C$2 -> AZ | D7: =_book!$F$2 -> 36000 | E7: =_book!$N$2 -> 0.65 | F7: =_book!$K$2 -> 0.99306145 | G7: =_book!$L$2 -> 0.98153851 | H7: =_book!$M$2 -> 1 | I7: =_book!$O$2 -> 0.63357324 | J7: =_book!$P$2 -> 0.5948003 | K7: =_book!$T$2 -> 0.0069870283 | L7: =_book!$U$2 -> 0.041162866 | M7: =IF(_book!$V$2=0,"—",_book!$W$2) -> — | N7: =_book!$Y$2 -> 0.63357324 | O7: =IF(_book!$V$2=0,"—",_book!$AA$2) -> — | P7: =_book!$AC$2 -> 2 | Q7: =_book!$AD$2 -> 1
A8: =_book!$A$3 -> Property | B8: =_book!$B$3 -> ABD | C8: =_book!$C$3 -> CO | D8: =_book!$F$3 -> 94500 | E8: =_book!$N$3 -> 0.658 | F8: =_book!$K$3 -> 0.98357003 | G8: =_book!$L$3 -> 1.0107041 | H8: =_book!$M$3 -> 1 | I8: =_book!$O$3 -> 0.65411663 | J8: =_book!$P$3 -> 0.63702753 | K8: =_book!$T$3 -> 0.016704423 | L8: =_book!$U$3 -> 0.022776225 | M8: =IF(_book!$V$3=0,"—",_book!$W$3) -> — | N8: =_book!$Y$3 -> 0.65411663 | O8: =IF(_book!$V$3=0,"—",_book!$AA$3) -> — | P8: =_book!$AC$3 -> 1 | Q8: =_book!$AD$3 -> 1
A9: =_book!$A$4 -> Property | B9: =_book!$B$4 -> ABD | C9: =_book!$C$4 -> DE | D9: =_book!$F$4 -> 76500 | E9: =_book!$N$4 -> 0.642 | F9: =_book!$K$4 -> 1 | G9: =_book!$L$4 -> 1.007119 | H9: =_book!$M$4 -> 1 | I9: =_book!$O$4 -> 0.64657041 | J9: =_book!$P$4 -> 0.63652386 | K9: =_book!$T$4 -> 0 | L9: =_book!$U$4 -> 0 | M9: =IF(_book!$V$4=0,"—",_book!$W$4) -> — | N9: =_book!$Y$4 -> 0.64657041 | O9: =IF(_book!$V$4=0,"—",_book!$AA$4) -> — | P9: =_book!$AC$4 -> 0 | Q9: =_book!$AD$4 -> 0
A10: =_book!$A$5 -> Property | B10: =_book!$B$5 -> ABD | C10: =_book!$C$5 -> FL | D10: =_book!$F$5 -> 58500 | E10: =_book!$N$5 -> 0.67 | F10: =_book!$K$5 -> 1.0014903 | G10: =_book!$L$5 -> 1 | H10: =_book!$M$5 -> 1 | I10: =_book!$O$5 -> 0.67099851 | J10: =_book!$P$5 -> 0.67 | K10: =_book!$T$5 -> -0.0014880952 | L10: =_book!$U$5 -> 0.001490313 | M10: =IF(_book!$V$5=0,"—",_book!$W$5) -> — | N10: =_book!$Y$5 -> 0.67099851 | O10: =IF(_book!$V$5=0,"—",_book!$AA$5) -> — | P10: =_book!$AC$5 -> 1 | Q10: =_book!$AD$5 -> 0
A11: =_book!$A$6 -> Property | B11: =_book!$B$6 -> ABD | C11: =_book!$C$6 -> GA | D11: =_book!$F$6 -> 40500 | E11: =_book!$N$6 -> 0.654 | F11: =_book!$K$6 -> 1.0031546 | G11: =_book!$L$6 -> 1.0083112 | H11: =_book!$M$6 -> 1 | I11: =_book!$O$6 -> 0.66151576 | J11: =_book!$P$6 -> 0.6517117 | K11: =_book!$T$6 -> -0.0031446541 | L11: =_book!$U$6 -> 0.0031545741 | M11: =IF(_book!$V$6=0,"—",_book!$W$6) -> — | N11: =_book!$Y$6 -> 0.66151576 | O11: =IF(_book!$V$6=0,"—",_book!$AA$6) -> — | P11: =_book!$AC$6 -> 1 | Q11: =_book!$AD$6 -> 0
A12: =_book!$A$7 -> Property | B12: =_book!$B$7 -> ABD | C12: =_book!$C$7 -> IA | D12: =_book!$F$7 -> 99000 | E12: =_book!$N$7 -> 0.638 | F12: =_book!$K$7 -> 0.99694186 | G12: =_book!$L$7 -> 1.0143083 | H12: =_book!$M$7 -> 1 | I12: =_book!$O$7 -> 0.6451497 | J12: =_book!$P$7 -> 0.62544635 | K12: =_book!$T$7 -> 0.0030675173 | L12: =_book!$U$7 -> 0.033357934 | M12: =IF(_book!$V$7=0,"—",_book!$W$7) -> — | N12: =_book!$Y$7 -> 0.6451497 | O12: =IF(_book!$V$7=0,"—",_book!$AA$7) -> — | P12: =_book!$AC$7 -> 1 | Q12: =_book!$AD$7 -> 1
A13: =_book!$A$8 -> Property | B13: =_book!$B$8 -> ABD | C13: =_book!$C$8 -> IL | D13: =_book!$F$8 -> 81000 | E13: =_book!$N$8 -> 0.666 | F13: =_book!$K$8 -> 1.0036541 | G13: =_book!$L$8 -> 1.0095062 | H13: =_book!$M$8 -> 1 | I13: =_book!$O$8 -> 0.67478789 | J13: =_book!$P$8 -> 0.66705445 | K13: =_book!$T$8 -> -0.0036407767 | L13: =_book!$U$8 -> 0.0036540804 | M13: =IF(_book!$V$8=0,"—",_book!$W$8) -> — | N13: =_book!$Y$8 -> 0.67478789 | O13: =IF(_book!$V$8=0,"—",_book!$AA$8) -> — | P13: =_book!$AC$8 -> 1 | Q13: =_book!$AD$8 -> 0
A14: =_book!$A$9 -> Property | B14: =_book!$B$9 -> ABD | C14: =_book!$C$9 -> IN | D14: =_book!$F$9 -> 63000 | E14: =_book!$N$9 -> 0.65 | F14: =_book!$K$9 -> 1.0065869 | G14: =_book!$L$9 -> 1.0143147 | H14: =_book!$M$9 -> 1 | I14: =_book!$O$9 -> 0.66364735 | J14: =_book!$P$9 -> 0.66458679 | K14: =_book!$T$9 -> -0.0065438034 | L14: =_book!$U$9 -> 0.0065869068 | M14: =IF(_book!$V$9=0,"—",_book!$W$9) -> — | N14: =_book!$Y$9 -> 0.66364735 | O14: =IF(_book!$V$9=0,"—",_book!$AA$9) -> — | P14: =_book!$AC$9 -> 1 | Q14: =_book!$AD$9 -> 0
A15: =_book!$A$10 -> Property | B15: =_book!$B$10 -> ABD | C15: =_book!$C$10 -> KY | D15: =_book!$F$10 -> 45000 | E15: =_book!$N$10 -> 0.634 | F15: =_book!$K$10 -> 1 | G15: =_book!$L$10 -> 1.0107041 | H15: =_book!$M$10 -> 1 | I15: =_book!$O$10 -> 0.64078638 | J15: =_book!$P$10 -> 0.63825893 | K15: =_book!$T$10 -> 0 | L15: =_book!$U$10 -> 0 | M15: =IF(_book!$V$10=0,"—",_book!$W$10) -> — | N15: =_book!$Y$10 -> 0.64078638 | O15: =IF(_book!$V$10=0,"—",_book!$AA$10) -> — | P15: =_book!$AC$10 -> 0 | Q15: =_book!$AD$10 -> 0
A16: =_book!$A$11 -> Property | B16: =_book!$B$11 -> ABD | C16: =_book!$C$11 -> MD | D16: =_book!$F$11 -> 103500 | E16: =_book!$N$11 -> 0.662 | F16: =_book!$K$11 -> 1.0148882 | G16: =_book!$L$11 -> 1.007119 | H16: =_book!$M$11 -> 1 | I16: =_book!$O$11 -> 0.67663895 | J16: =_book!$P$11 -> 0.63801047 | K16: =_book!$T$11 -> -0.014669811 | L16: =_book!$U$11 -> 0.044066255 | M16: =IF(_book!$V$11=0,"—",_book!$W$11) -> — | N16: =_book!$Y$11 -> 0.67663895 | O16: =IF(_book!$V$11=0,"—",_book!$AA$11) -> — | P16: =_book!$AC$11 -> 1 | Q16: =_book!$AD$11 -> 1
A17: =_book!$A$12 -> Property | B17: =_book!$B$12 -> ABD | C17: =_book!$C$12 -> MI | D17: =_book!$F$12 -> 85500 | E17: =_book!$N$12 -> 0.646 | F17: =_book!$K$12 -> 1.0068549 | G17: =_book!$L$12 -> 1.0119048 | H17: =_book!$M$12 -> 1 | I17: =_book!$O$12 -> 0.65817149 | J17: =_book!$P$12 -> 0.65369048 | K17: =_book!$T$12 -> -0.0068082789 | L17: =_book!$U$12 -> 0.0068549493 | M17: =IF(_book!$V$12=0,"—",_book!$W$12) -> — | N17: =_book!$Y$12 -> 0.65817149 | O17: =IF(_book!$V$12=0,"—",_book!$AA$12) -> — | P17: =_book!$AC$12 -> 1 | Q17: =_book!$AD$12 -> 0
A18: =_book!$A$13 -> Property | B18: =_book!$B$13 -> ABD | C18: =_book!$C$13 -> MN | D18: =_book!$F$13 -> 67500 | E18: =_book!$N$13 -> 0.63 | F18: =_book!$K$13 -> 1 | G18: =_book!$L$13 -> 1.0083112 | H18: =_book!$M$13 -> 1 | I18: =_book!$O$13 -> 0.63523606 | J18: =_book!$P$13 -> 0.62779567 | K18: =_book!$T$13 -> 0 | L18: =_book!$U$13 -> 0 | M18: =IF(_book!$V$13=0,"—",_book!$W$13) -> — | N18: =_book!$Y$13 -> 0.63523606 | O18: =IF(_book!$V$13=0,"—",_book!$AA$13) -> — | P18: =_book!$AC$13 -> 0 | Q18: =_book!$AD$13 -> 0
A19: =_book!$A$14 -> Property | B19: =_book!$B$14 -> ABD | C19: =_book!$C$14 -> NM | D19: =_book!$F$14 -> 49500 | E19: =_book!$N$14 -> 0.658 | F19: =_book!$K$14 -> 1 | G19: =_book!$L$14 -> 1.0131083 | H19: =_book!$M$14 -> 1 | I19: =_book!$O$14 -> 0.66662527 | J19: =_book!$P$14 -> 0.66928187 | K19: =_book!$T$14 -> 0 | L19: =_book!$U$14 -> 0 | M19: =IF(_book!$V$14=0,"—",_book!$W$14) -> — | N19: =_book!$Y$14 -> 0.66662527 | O19: =IF(_book!$V$14=0,"—",_book!$AA$14) -> — | P19: =_book!$AC$14 -> 1 | Q19: =_book!$AD$14 -> 0
A20: =_book!$A$15 -> Property | B20: =_book!$B$15 -> ABD | C20: =_book!$C$15 -> NC | D20: =_book!$F$15 -> 108000 | E20: =_book!$N$15 -> 0.642 | F20: =_book!$K$15 -> 0.98903687 | G20: =_book!$L$15 -> 1.0095062 | H20: =_book!$M$15 -> 1 | I20: =_book!$O$15 -> 0.64099775 | J20: =_book!$P$15 -> 0.61902908 | K20: =_book!$T$15 -> 0.011084656 | L20: =_book!$U$15 -> 0.027362045 | M20: =IF(_book!$V$15=0,"—",_book!$W$15) -> — | N20: =_book!$Y$15 -> 0.64099775 | O20: =IF(_book!$V$15=0,"—",_book!$AA$15) -> — | P20: =_book!$AC$15 -> 1 | Q20: =_book!$AD$15 -> 1
A21: =_book!$A$16 -> Property | B21: =_book!$B$16 -> ABD | C21: =_book!$C$16 -> OH | D21: =_book!$F$16 -> 90000 | E21: =_book!$N$16 -> 0.67 | F21: =_book!$K$16 -> 1 | G21: =_book!$L$16 -> 1.0143147 | H21: =_book!$M$16 -> 1 | I21: =_book!$O$16 -> 0.67959087 | J21: =_book!$P$16 -> 0.68503561 | K21: =_book!$T$16 -> 0 | L21: =_book!$U$16 -> 0 | M21: =IF(_book!$V$16=0,"—",_book!$W$16) -> — | N21: =_book!$Y$16 -> 0.67959087 | O21: =IF(_book!$V$16=0,"—",_book!$AA$16) -> — | P21: =_book!$AC$16 -> 0 | Q21: =_book!$AD$16 -> 0
A22: =_book!$A$17 -> Property | B22: =_book!$B$17 -> ABD | C22: =_book!$C$17 -> PA | D22: =_book!$F$17 -> 72000 | E22: =_book!$N$17 -> 0.654 | F22: =_book!$K$17 -> 1.0006131 | G22: =_book!$L$17 -> 1.0107041 | H22: =_book!$M$17 -> 1 | I22: =_book!$O$17 -> 0.66140573 | J22: =_book!$P$17 -> 0.65839328 | K22: =_book!$T$17 -> -0.0006127451 | L22: =_book!$U$17 -> 0.00061312078 | M22: =IF(_book!$V$17=0,"—",_book!$W$17) -> — | N22: =_book!$Y$17 -> 0.66140573 | O22: =IF(_book!$V$17=0,"—",_book!$AA$17) -> — | P22: =_book!$AC$17 -> 1 | Q22: =_book!$AD$17 -> 0
A23: =_book!$A$18 -> Property | B23: =_book!$B$18 -> ABD | C23: =_book!$C$18 -> SC | D23: =_book!$F$18 -> 54000 | E23: =_book!$N$18 -> 0.638 | F23: =_book!$K$18 -> 1.0016207 | G23: =_book!$L$18 -> 1.007119 | H23: =_book!$M$18 -> 1 | I23: =_book!$O$18 -> 0.64358333 | J23: =_book!$P$18 -> 0.63255798 | K23: =_book!$T$18 -> -0.001618123 | L23: =_book!$U$18 -> 0.0016207455 | M23: =IF(_book!$V$18=0,"—",_book!$W$18) -> — | N23: =_book!$Y$18 -> 0.64358333 | O23: =IF(_book!$V$18=0,"—",_book!$AA$18) -> — | P23: =_book!$AC$18 -> 1 | Q23: =_book!$AD$18 -> 0
A24: =_book!$A$19 -> Property | B24: =_book!$B$19 -> ABD | C24: =_book!$C$19 -> TN | D24: =_book!$F$19 -> 36000 | E24: =_book!$N$19 -> 0.666 | F24: =_book!$K$19 -> 0.99653979 | G24: =_book!$L$19 -> 1.0119048 | H24: =_book!$M$19 -> 1 | I24: =_book!$O$19 -> 0.67159664 | J24: =_book!$P$19 -> 0.65227661 | K24: =_book!$T$19 -> 0.0034722222 | L24: =_book!$U$19 -> 0.029619377 | M24: =IF(_book!$V$19=0,"—",_book!$W$19) -> — | N24: =_book!$Y$19 -> 0.67159664 | O24: =IF(_book!$V$19=0,"—",_book!$AA$19) -> — | P24: =_book!$AC$19 -> 0 | Q24: =_book!$AD$19 -> 1
A25: =_book!$A$20 -> Property | B25: =_book!$B$20 -> ABD | C25: =_book!$C$20 -> VA | D25: =_book!$F$20 -> 94500 | E25: =_book!$N$20 -> 0.65 | F25: =_book!$K$20 -> 1.005988 | G25: =_book!$L$20 -> 1.0083112 | H25: =_book!$M$20 -> 1 | I25: =_book!$O$20 -> 0.65932685 | J25: =_book!$P$20 -> 0.64772569 | K25: =_book!$T$20 -> -0.005952381 | L25: =_book!$U$20 -> 0.005988024 | M25: =IF(_book!$V$20=0,"—",_book!$W$20) -> — | N25: =_book!$Y$20 -> 0.65932685 | O25: =IF(_book!$V$20=0,"—",_book!$AA$20) -> — | P25: =_book!$AC$20 -> 1 | Q25: =_book!$AD$20 -> 0
A26: =_book!$A$21 -> Property | B26: =_book!$B$21 -> ABD | C26: =_book!$C$21 -> WV | D26: =_book!$F$21 -> 76500 | E26: =_book!$N$21 -> 0.634 | F26: =_book!$K$21 -> 1.0097242 | G26: =_book!$L$21 -> 1.0131083 | H26: =_book!$M$21 -> 1 | I26: =_book!$O$21 -> 0.6485566 | J26: =_book!$P$21 -> 0.64487037 | K26: =_book!$T$21 -> -0.0096305031 | L26: =_book!$U$21 -> 0.0097241516 | M26: =IF(_book!$V$21=0,"—",_book!$W$21) -> — | N26: =_book!$Y$21 -> 0.6485566 | O26: =IF(_book!$V$21=0,"—",_book!$AA$21) -> — | P26: =_book!$AC$21 -> 1 | Q26: =_book!$AD$21 -> 0
A27: =_book!$A$22 -> Property | B27: =_book!$B$22 -> ABD | C27: =_book!$C$22 -> WI | D27: =_book!$F$22 -> 58500 | E27: =_book!$N$22 -> 0.662 | F27: =_book!$K$22 -> 1 | G27: =_book!$L$22 -> 1.0095062 | H27: =_book!$M$22 -> 1 | I27: =_book!$O$22 -> 0.66829312 | J27: =_book!$P$22 -> 0.66304812 | K27: =_book!$T$22 -> 0 | L27: =_book!$U$22 -> 0 | M27: =IF(_book!$V$22=0,"—",_book!$W$22) -> — | N27: =_book!$Y$22 -> 0.66829312 | O27: =IF(_book!$V$22=0,"—",_book!$AA$22) -> — | P27: =_book!$AC$22 -> 0 | Q27: =_book!$AD$22 -> 0
A28: =_book!$A$23 -> Property | B28: =_book!$B$23 -> MM | C28: =_book!$C$23 -> AZ | D28: =_book!$F$23 -> 40500 | E28: =_book!$N$23 -> 0.646 | F28: =_book!$K$23 -> 0.99145976 | G28: =_book!$L$23 -> 1.0143147 | H28: =_book!$M$23 -> 1 | I28: =_book!$O$23 -> 0.64965135 | J28: =_book!$P$23 -> 0.63517812 | K28: =_book!$T$23 -> 0.008613808 | L28: =_book!$U$23 -> 0.030980444 | M28: =IF(_book!$V$23=0,"—",_book!$W$23) -> — | N28: =_book!$Y$23 -> 0.64965135 | O28: =IF(_book!$V$23=0,"—",_book!$AA$23) -> — | P28: =_book!$AC$23 -> 1 | Q28: =_book!$AD$23 -> 1
A29: =_book!$A$24 -> Property | B29: =_book!$B$24 -> MM | C29: =_book!$C$24 -> CO | D29: =_book!$F$24 -> 99000 | E29: =_book!$N$24 -> 0.6804 | F29: =_book!$K$24 -> 1.0135355 | G29: =_book!$L$24 -> 1.0107041 | H29: =_book!$M$24 -> 1 | I29: =_book!$O$24 -> 0.69699115 | J29: =_book!$P$24 -> 0.69182033 | K29: =_book!$T$24 -> -0.013354701 | L29: =_book!$U$24 -> 0.013535463 | M29: =IF(_book!$V$24=0,"—",_book!$W$24) -> — | N29: =_book!$Y$24 -> 0.69699115 | O29: =IF(_book!$V$24=0,"—",_book!$AA$24) -> — | P29: =_book!$AC$24 -> 1 | Q29: =_book!$AD$24 -> 0
A30: =_book!$A$25 -> Property | B30: =_book!$B$25 -> MM | C30: =_book!$C$25 -> DE | D30: =_book!$F$25 -> 81000 | E30: =_book!$N$25 -> 0.658 | F30: =_book!$K$25 -> 0.99554699 | G30: =_book!$L$25 -> 1.0003129 | H30: =_book!$M$25 -> 1.02 | I30: =_book!$O$25 -> 0.66838039 | J30: =_book!$P$25 -> 0.63512005 | K30: =_book!$T$25 -> 0.0044729263 | L30: =_book!$U$25 -> 0.023332655 | M30: =IF(_book!$V$25=0,"—",_book!$W$25) -> — | N30: =_book!$Y$25 -> 0.66838039 | O30: =IF(_book!$V$25=0,"—",_book!$AA$25) -> — | P30: =_book!$AC$25 -> 1 | Q30: =_book!$AD$25 -> 1
A31: =_book!$A$26 -> Property | B31: =_book!$B$26 -> MM | C31: =_book!$C$26 -> FL | D31: =_book!$F$26 -> 63000 | E31: =_book!$N$26 -> 0.642 | F31: =_book!$K$26 -> 1.0041841 | G31: =_book!$L$26 -> 1.0119048 | H31: =_book!$M$26 -> 1 | I31: =_book!$O$26 -> 0.65236103 | J31: =_book!$P$26 -> 0.6202828 | K31: =_book!$T$26 -> -0.0041666667 | L31: =_book!$U$26 -> 0.051715481 | M31: =IF(_book!$V$26=0,"—",_book!$W$26) -> — | N31: =_book!$Y$26 -> 0.65236103 | O31: =IF(_book!$V$26=0,"—",_book!$AA$26) -> — | P31: =_book!$AC$26 -> 1 | Q31: =_book!$AD$26 -> 1
A32: =_book!$A$27 -> Property | B32: =_book!$B$27 -> MM | C32: =_book!$C$27 -> GA | D32: =_book!$F$27 -> 45000 | E32: =_book!$N$27 -> 0.67 | F32: =_book!$K$27 -> 0.99330762 | G32: =_book!$L$27 -> 1.0083112 | H32: =_book!$M$27 -> 1 | I32: =_book!$O$27 -> 0.67104734 | J32: =_book!$P$27 -> 0.64412718 | K32: =_book!$T$27 -> 0.0067374728 | L32: =_book!$U$27 -> 0.029590937 | M32: =IF(_book!$V$27=0,"—",_book!$W$27) -> — | N32: =_book!$Y$27 -> 0.67104734 | O32: =IF(_book!$V$27=0,"—",_book!$AA$27) -> — | P32: =_book!$AC$27 -> 1 | Q32: =_book!$AD$27 -> 1
A33: =_book!$A$28 -> Property | B33: =_book!$B$28 -> MM | C33: =_book!$C$28 -> IA | D33: =_book!$F$28 -> 103500 | E33: =_book!$N$28 -> 0.654 | F33: =_book!$K$28 -> 1 | G33: =_book!$L$28 -> 1.0131083 | H33: =_book!$M$28 -> 1 | I33: =_book!$O$28 -> 0.66257284 | J33: =_book!$P$28 -> 0.66521329 | K33: =_book!$T$28 -> 0 | L33: =_book!$U$28 -> 0 | M33: =IF(_book!$V$28=0,"—",_book!$W$28) -> — | N33: =_book!$Y$28 -> 0.66257284 | O33: =IF(_book!$V$28=0,"—",_book!$AA$28) -> — | P33: =_book!$AC$28 -> 0 | Q33: =_book!$AD$28 -> 0
A34: =_book!$A$29 -> Property | B34: =_book!$B$29 -> MM | C34: =_book!$C$29 -> IL | D34: =_book!$F$29 -> 85500 | E34: =_book!$N$29 -> 0.638 | F34: =_book!$K$29 -> 1.0012034 | G34: =_book!$L$29 -> 1.0095062 | H34: =_book!$M$29 -> 1 | I34: =_book!$O$29 -> 0.64484001 | J34: =_book!$P$29 -> 0.63901012 | K34: =_book!$T$29 -> -0.0012019231 | L34: =_book!$U$29 -> 0.0012033694 | M34: =IF(_book!$V$29=0,"—",_book!$W$29) -> — | N34: =_book!$Y$29 -> 0.64484001 | O34: =IF(_book!$V$29=0,"—",_book!$AA$29) -> — | P34: =_book!$AC$29 -> 1 | Q34: =_book!$AD$29 -> 0
A35: =_book!$A$30 -> Property | B35: =_book!$B$30 -> MM | C35: =_book!$C$30 -> IN | D35: =_book!$F$30 -> 67500 | E35: =_book!$N$30 -> 0.666 | F35: =_book!$K$30 -> 1.0026525 | G35: =_book!$L$30 -> 1.0143147 | H35: =_book!$M$30 -> 1 | I35: =_book!$O$30 -> 0.67732548 | J35: =_book!$P$30 -> 0.68094585 | K35: =_book!$T$30 -> -0.0026455026 | L35: =_book!$U$30 -> 0.0026525199 | M35: =IF(_book!$V$30=0,"—",_book!$W$30) -> — | N35: =_book!$Y$30 -> 0.67732548 | O35: =IF(_book!$V$30=0,"—",_book!$AA$30) -> — | P35: =_book!$AC$30 -> 1 | Q35: =_book!$AD$30 -> 0
A36: =_book!$A$31 -> Property | B36: =_book!$B$31 -> MM | C36: =_book!$C$31 -> KY | D36: =_book!$F$31 -> 49500 | E36: =_book!$N$31 -> 0.65 | F36: =_book!$K$31 -> 0.99875156 | G36: =_book!$L$31 -> 1.0107041 | H36: =_book!$M$31 -> 1 | I36: =_book!$O$31 -> 0.65613747 | J36: =_book!$P$31 -> 0.63607914 | K36: =_book!$T$31 -> 0.00125 | L36: =_book!$U$31 -> 0.027465668 | M36: =IF(_book!$V$31=0,"—",_book!$W$31) -> — | N36: =_book!$Y$31 -> 0.65613747 | O36: =IF(_book!$V$31=0,"—",_book!$AA$31) -> — | P36: =_book!$AC$31 -> 0 | Q36: =_book!$AD$31 -> 1
A37: =_book!$A$32 -> Property | B37: =_book!$B$32 -> MM | C37: =_book!$C$32 -> MD | D37: =_book!$F$32 -> 108000 | E37: =_book!$N$32 -> 0.634 | F37: =_book!$K$32 -> 1.002457 | G37: =_book!$L$32 -> 1.007119 | H37: =_book!$M$32 -> 1 | I37: =_book!$O$32 -> 0.64008228 | J37: =_book!$P$32 -> 0.6285921 | K37: =_book!$T$32 -> -0.0024509804 | L37: =_book!$U$32 -> 0.0024570025 | M37: =IF(_book!$V$32=0,"—",_book!$W$32) -> — | N37: =_book!$Y$32 -> 0.64008228 | O37: =IF(_book!$V$32=0,"—",_book!$AA$32) -> — | P37: =_book!$AC$32 -> 1 | Q37: =_book!$AD$32 -> 0
A38: =_book!$A$33 -> Property | B38: =_book!$B$33 -> MM | C38: =_book!$C$33 -> MI | D38: =_book!$F$33 -> 90000 | E38: =_book!$N$33 -> 0.662 | F38: =_book!$K$33 -> 1.0049802 | G38: =_book!$L$33 -> 1.0119048 | H38: =_book!$M$33 -> 1 | I38: =_book!$O$33 -> 0.67321708 | J38: =_book!$P$33 -> 0.66988095 | K38: =_book!$T$33 -> -0.0049555016 | L38: =_book!$U$33 -> 0.0049801809 | M38: =IF(_book!$V$33=0,"—",_book!$W$33) -> — | N38: =_book!$Y$33 -> 0.67321708 | O38: =IF(_book!$V$33=0,"—",_book!$AA$33) -> — | P38: =_book!$AC$33 -> 1 | Q38: =_book!$AD$33 -> 0
A39: =_book!$A$34 -> Property | B39: =_book!$B$34 -> MM | C39: =_book!$C$34 -> MN | D39: =_book!$F$34 -> 72000 | E39: =_book!$N$34 -> 0.646 | F39: =_book!$K$34 -> 1 | G39: =_book!$L$34 -> 1.0083112 | H39: =_book!$M$34 -> 1 | I39: =_book!$O$34 -> 0.65136904 | J39: =_book!$P$34 -> 0.64373969 | K39: =_book!$T$34 -> 0 | L39: =_book!$U$34 -> 0 | M39: =IF(_book!$V$34=0,"—",_book!$W$34) -> — | N39: =_book!$Y$34 -> 0.65136904 | O39: =IF(_book!$V$34=0,"—",_book!$AA$34) -> — | P39: =_book!$AC$34 -> 0 | Q39: =_book!$AD$34 -> 0
A40: =_book!$A$35 -> Property | B40: =_book!$B$35 -> MM | C40: =_book!$C$35 -> NM | D40: =_book!$F$35 -> 54000 | E40: =_book!$N$35 -> 0.63 | F40: =_book!$K$35 -> 1.0021475 | G40: =_book!$L$35 -> 1.0131083 | H40: =_book!$M$35 -> 1 | I40: =_book!$O$35 -> 0.63962887 | J40: =_book!$P$35 -> 0.61689703 | K40: =_book!$T$35 -> -0.0021428571 | L40: =_book!$U$35 -> 0.040980673 | M40: =IF(_book!$V$35=0,"—",_book!$W$35) -> — | N40: =_book!$Y$35 -> 0.63962887 | O40: =IF(_book!$V$35=0,"—",_book!$AA$35) -> — | P40: =_book!$AC$35 -> 1 | Q40: =_book!$AD$35 -> 1
A41: =_book!$A$36 -> Property | B41: =_book!$B$36 -> MM | C41: =_book!$C$36 -> NC | D41: =_book!$F$36 -> 36000 | E41: =_book!$N$36 -> 0.658 | F41: =_book!$K$36 -> 1.0200481 | G41: =_book!$L$36 -> 1.0095062 | H41: =_book!$M$36 -> 1 | I41: =_book!$O$36 -> 0.67757215 | J41: =_book!$P$36 -> 0.65904179 | K41: =_book!$T$36 -> -0.019654088 | L41: =_book!$U$36 -> 0.020048115 | M41: =IF(_book!$V$36=0,"—",_book!$W$36) -> — | N41: =_book!$Y$36 -> 0.67757215 | O41: =IF(_book!$V$36=0,"—",_book!$AA$36) -> — | P41: =_book!$AC$36 -> 1 | Q41: =_book!$AD$36 -> 0
A42: =_book!$A$37 -> Property | B42: =_book!$B$37 -> MM | C42: =_book!$C$37 -> OH | D42: =_book!$F$37 -> 94500 | E42: =_book!$N$37 -> 0.642 | F42: =_book!$K$37 -> 1 | G42: =_book!$L$37 -> 1.0143147 | H42: =_book!$M$37 -> 1 | I42: =_book!$O$37 -> 0.65119006 | J42: =_book!$P$37 -> 0.65640726 | K42: =_book!$T$37 -> 0 | L42: =_book!$U$37 -> 0 | M42: =IF(_book!$V$37=0,"—",_book!$W$37) -> — | N42: =_book!$Y$37 -> 0.65119006 | O42: =IF(_book!$V$37=0,"—",_book!$AA$37) -> — | P42: =_book!$AC$37 -> 0 | Q42: =_book!$AD$37 -> 0
A43: =_book!$A$38 -> Property | B43: =_book!$B$38 -> MM | C43: =_book!$C$38 -> PA | D43: =_book!$F$38 -> 76500 | E43: =_book!$N$38 -> 0.67 | F43: =_book!$K$38 -> 1 | G43: =_book!$L$38 -> 1.0107041 | H43: =_book!$M$38 -> 1 | I43: =_book!$O$38 -> 0.67717172 | J43: =_book!$P$38 -> 0.67450076 | K43: =_book!$T$38 -> 0 | L43: =_book!$U$38 -> 0 | M43: =IF(_book!$V$38=0,"—",_book!$W$38) -> — | N43: =_book!$Y$38 -> 0.67717172 | O43: =IF(_book!$V$38=0,"—",_book!$AA$38) -> — | P43: =_book!$AC$38 -> 1 | Q43: =_book!$AD$38 -> 0
A44: =_book!$A$39 -> Property | B44: =_book!$B$39 -> MM | C44: =_book!$C$39 -> SC | D44: =_book!$F$39 -> 58500 | E44: =_book!$N$39 -> 0.654 | F44: =_book!$K$39 -> 0.99667243 | G44: =_book!$L$39 -> 1.007119 | H44: =_book!$M$39 -> 1 | I44: =_book!$O$39 -> 0.65646411 | J44: =_book!$P$39 -> 0.62758904 | K44: =_book!$T$39 -> 0.0033386752 | L44: =_book!$U$39 -> 0.029756422 | M44: =IF(_book!$V$39=0,"—",_book!$W$39) -> — | N44: =_book!$Y$39 -> 0.65646411 | O44: =IF(_book!$V$39=0,"—",_book!$AA$39) -> — | P44: =_book!$AC$39 -> 1 | Q44: =_book!$AD$39 -> 1
A45: =_book!$A$40 -> Property | B45: =_book!$B$40 -> MM | C45: =_book!$C$40 -> TN | D45: =_book!$F$40 -> 40500 | E45: =_book!$N$40 -> 0.638 | F45: =_book!$K$40 -> 1 | G45: =_book!$L$40 -> 1.0119048 | H45: =_book!$M$40 -> 1 | I45: =_book!$O$40 -> 0.64559524 | J45: =_book!$P$40 -> 0.64559524 | K45: =_book!$T$40 -> 0 | L45: =_book!$U$40 -> 0 | M45: =IF(_book!$V$40=0,"—",_book!$W$40) -> — | N45: =_book!$Y$40 -> 0.64559524 | O45: =IF(_book!$V$40=0,"—",_book!$AA$40) -> — | P45: =_book!$AC$40 -> 0 | Q45: =_book!$AD$40 -> 0
A46: =_book!$A$41 -> Property | B46: =_book!$B$41 -> MM | C46: =_book!$C$41 -> VA | D46: =_book!$F$41 -> 99000 | E46: =_book!$N$41 -> 0.666 | F46: =_book!$K$41 -> 1.001772 | G46: =_book!$L$41 -> 1.0083112 | H46: =_book!$M$41 -> 1 | I46: =_book!$O$41 -> 0.67272522 | J46: =_book!$P$41 -> 0.66366971 | K46: =_book!$T$41 -> -0.0017688679 | L46: =_book!$U$41 -> 0.0017720024 | M46: =IF(_book!$V$41=0,"—",_book!$W$41) -> — | N46: =_book!$Y$41 -> 0.67272522 | O46: =IF(_book!$V$41=0,"—",_book!$AA$41) -> — | P46: =_book!$AC$41 -> 1 | Q46: =_book!$AD$41 -> 0
A47: =_book!$A$42 -> Property | B47: =_book!$B$42 -> MM | C47: =_book!$C$42 -> WV | D47: =_book!$F$42 -> 81000 | E47: =_book!$N$42 -> 0.65 | F47: =_book!$K$42 -> 1.0010905 | G47: =_book!$L$42 -> 1.0131083 | H47: =_book!$M$42 -> 1 | I47: =_book!$O$42 -> 0.65923853 | J47: =_book!$P$42 -> 0.6611447 | K47: =_book!$T$42 -> -0.0010893246 | L47: =_book!$U$42 -> 0.0010905125 | M47: =IF(_book!$V$42=0,"—",_book!$W$42) -> — | N47: =_book!$Y$42 -> 0.65923853 | O47: =IF(_book!$V$42=0,"—",_book!$AA$42) -> — | P47: =_book!$AC$42 -> 1 | Q47: =_book!$AD$42 -> 0
A48: =_book!$A$43 -> Property | B48: =_book!$B$43 -> MM | C48: =_book!$C$43 -> WI | D48: =_book!$F$43 -> 63000 | E48: =_book!$N$43 -> 0.634 | F48: =_book!$K$43 -> 0.9834722 | G48: =_book!$L$43 -> 1.0095062 | H48: =_book!$M$43 -> 1 | I48: =_book!$O$43 -> 0.62944871 | J48: =_book!$P$43 -> 0.61066212 | K48: =_book!$T$43 -> 0.016805556 | L48: =_book!$U$43 -> 0.022674498 | M48: =IF(_book!$V$43=0,"—",_book!$W$43) -> — | N48: =_book!$Y$43 -> 0.62944871 | O48: =IF(_book!$V$43=0,"—",_book!$AA$43) -> — | P48: =_book!$AC$43 -> 0 | Q48: =_book!$AD$43 -> 1
A49: =_book!$A$44 -> Property | B49: =_book!$B$44 -> SBA | C49: =_book!$C$44 -> AZ | D49: =_book!$F$44 -> 45000 | E49: =_book!$N$44 -> 0.662 | F49: =_book!$K$44 -> 1.0048309 | G49: =_book!$L$44 -> 1.0143147 | H49: =_book!$M$44 -> 1 | I49: =_book!$O$44 -> 0.6747202 | J49: =_book!$P$44 -> 0.67685608 | K49: =_book!$T$44 -> -0.0048076923 | L49: =_book!$U$44 -> 0.0048309179 | M49: =IF(_book!$V$44=0,"—",_book!$W$44) -> — | N49: =_book!$Y$44 -> 0.6747202 | O49: =IF(_book!$V$44=0,"—",_book!$AA$44) -> — | P49: =_book!$AC$44 -> 1 | Q49: =_book!$AD$44 -> 0
A50: =_book!$A$45 -> Property | B50: =_book!$B$45 -> SBA | C50: =_book!$C$45 -> CO | D50: =_book!$F$45 -> 103500 | E50: =_book!$N$45 -> 0.646 | F50: =_book!$K$45 -> 1.008168 | G50: =_book!$L$45 -> 1.0107041 | H50: =_book!$M$45 -> 1 | I50: =_book!$O$45 -> 0.65824785 | J50: =_book!$P$45 -> 0.65033954 | K50: =_book!$T$45 -> -0.0081018519 | L50: =_book!$U$45 -> 0.008168028 | M50: =IF(_book!$V$45=0,"—",_book!$W$45) -> — | N50: =_book!$Y$45 -> 0.65824785 | O50: =IF(_book!$V$45=0,"—",_book!$AA$45) -> — | P50: =_book!$AC$45 -> 1 | Q50: =_book!$AD$45 -> 0
A51: =_book!$A$46 -> Property | B51: =_book!$B$46 -> SBA | C51: =_book!$C$46 -> DE | D51: =_book!$F$46 -> 85500 | E51: =_book!$N$46 -> 0.63 | F51: =_book!$K$46 -> 1 | G51: =_book!$L$46 -> 1.007119 | H51: =_book!$M$46 -> 1 | I51: =_book!$O$46 -> 0.63448498 | J51: =_book!$P$46 -> 0.62462622 | K51: =_book!$T$46 -> 0 | L51: =_book!$U$46 -> 0 | M51: =IF(_book!$V$46=0,"—",_book!$W$46) -> — | N51: =_book!$Y$46 -> 0.63448498 | O51: =IF(_book!$V$46=0,"—",_book!$AA$46) -> — | P51: =_book!$AC$46 -> 0 | Q51: =_book!$AD$46 -> 0
A52: =_book!$A$47 -> Property | B52: =_book!$B$47 -> SBA | C52: =_book!$C$47 -> FL | D52: =_book!$F$47 -> 67500 | E52: =_book!$N$47 -> 0.658 | F52: =_book!$K$47 -> 0.99871081 | G52: =_book!$L$47 -> 1.0119048 | H52: =_book!$M$47 -> 1 | I52: =_book!$O$47 -> 0.66497495 | J52: =_book!$P$47 -> 0.64236902 | K52: =_book!$T$47 -> 0.0012908497 | L52: =_book!$U$47 -> 0.035191501 | M52: =IF(_book!$V$47=0,"—",_book!$W$47) -> — | N52: =_book!$Y$47 -> 0.66497495 | O52: =IF(_book!$V$47=0,"—",_book!$AA$47) -> — | P52: =_book!$AC$47 -> 1 | Q52: =_book!$AD$47 -> 1
A53: =_book!$A$48 -> Property | B53: =_book!$B$48 -> SBA | C53: =_book!$C$48 -> GA | D53: =_book!$F$48 -> 49500 | E53: =_book!$N$48 -> 0.642 | F53: =_book!$K$48 -> 1 | G53: =_book!$L$48 -> 1.0083112 | H53: =_book!$M$48 -> 1 | I53: =_book!$O$48 -> 0.64733579 | J53: =_book!$P$48 -> 0.63975369 | K53: =_book!$T$48 -> 0 | L53: =_book!$U$48 -> 0 | M53: =IF(_book!$V$48=0,"—",_book!$W$48) -> — | N53: =_book!$Y$48 -> 0.64733579 | O53: =IF(_book!$V$48=0,"—",_book!$AA$48) -> — | P53: =_book!$AC$48 -> 0 | Q53: =_book!$AD$48 -> 0
A54: =_book!$A$49 -> Property | B54: =_book!$B$49 -> SBA | C54: =_book!$C$49 -> IA | D54: =_book!$F$49 -> 108000 | E54: =_book!$N$49 -> 0.67 | F54: =_book!$K$49 -> 1 | G54: =_book!$L$49 -> 1.0131083 | H54: =_book!$M$49 -> 1 | I54: =_book!$O$49 -> 0.67878257 | J54: =_book!$P$49 -> 0.68148762 | K54: =_book!$T$49 -> 0 | L54: =_book!$U$49 -> 0 | M54: =IF(_book!$V$49=0,"—",_book!$W$49) -> — | N54: =_book!$Y$49 -> 0.67878257 | O54: =IF(_book!$V$49=0,"—",_book!$AA$49) -> — | P54: =_book!$AC$49 -> 0 | Q54: =_book!$AD$49 -> 0
A55: =_book!$A$50 -> Property | B55: =_book!$B$50 -> SBA | C55: =_book!$C$50 -> IL | D55: =_book!$F$50 -> 90000 | E55: =_book!$N$50 -> 0.654 | F55: =_book!$K$50 -> 0.94618569 | G55: =_book!$L$50 -> 1.0047871 | H55: =_book!$M$50 -> 1 | I55: =_book!$O$50 -> 0.62176769 | J55: =_book!$P$50 -> 0.60611222 | K55: =_book!$T$50 -> 0.056875 | L55: =_book!$U$50 -> 0.0076877587 | M55: =IF(_book!$V$50=0,"—",_book!$W$50) -> — | N55: =_book!$Y$50 -> 0.62176769 | O55: =IF(_book!$V$50=0,"—",_book!$AA$50) -> — | P55: =_book!$AC$50 -> 0 | Q55: =_book!$AD$50 -> 1
A56: =_book!$A$51 -> Property | B56: =_book!$B$51 -> SBA | C56: =_book!$C$51 -> IN | D56: =_book!$F$51 -> 72000 | E56: =_book!$N$51 -> 0.638 | F56: =_book!$K$51 -> 0.99894765 | G56: =_book!$L$51 -> 1.0143147 | H56: =_book!$M$51 -> 1 | I56: =_book!$O$51 -> 0.64645179 | J56: =_book!$P$51 -> 0.63408748 | K56: =_book!$T$51 -> 0.0010534591 | L56: =_book!$U$51 -> 0.027667394 | M56: =IF(_book!$V$51=0,"—",_book!$W$51) -> — | N56: =_book!$Y$51 -> 0.64645179 | O56: =IF(_book!$V$51=0,"—",_book!$AA$51) -> — | P56: =_book!$AC$51 -> 1 | Q56: =_book!$AD$51 -> 1
A57: =_book!$A$52 -> Property | B57: =_book!$B$52 -> SBA | C57: =_book!$C$52 -> KY | D57: =_book!$F$52 -> 54000 | E57: =_book!$N$52 -> 0.666 | F57: =_book!$K$52 -> 0.94214838 | G57: =_book!$L$52 -> 1 | H57: =_book!$M$52 -> 1 | I57: =_book!$O$52 -> 0.62747082 | J57: =_book!$P$52 -> 0.57042802 | K57: =_book!$T$52 -> 0.061403942 | L57: =_book!$U$52 -> 0.1 | M57: =IF(_book!$V$52=0,"—",_book!$W$52) -> 0.1 | N57: =_book!$Y$52 -> 0.62082445 | O57: =IF(_book!$V$52=0,"—",_book!$AA$52) -> -0.66463701 | P57: =_book!$AC$52 -> 1 | Q57: =_book!$AD$52 -> 1
A58: =_book!$A$53 -> Property | B58: =_book!$B$53 -> SBA | C58: =_book!$C$53 -> MD | D58: =_book!$F$53 -> 36000 | E58: =_book!$N$53 -> 0.65 | F58: =_book!$K$53 -> 1.000911 | G58: =_book!$L$53 -> 1.007119 | H58: =_book!$M$53 -> 1 | I58: =_book!$O$53 -> 0.65522374 | J58: =_book!$P$53 -> 0.64445562 | K58: =_book!$T$53 -> -0.00091019417 | L58: =_book!$U$53 -> 0.00091102338 | M58: =IF(_book!$V$53=0,"—",_book!$W$53) -> — | N58: =_book!$Y$53 -> 0.65522374 | O58: =IF(_book!$V$53=0,"—",_book!$AA$53) -> — | P58: =_book!$AC$53 -> 1 | Q58: =_book!$AD$53 -> 0
A59: =_book!$A$54 -> Property | B59: =_book!$B$54 -> SBA | C59: =_book!$C$54 -> MI | D59: =_book!$F$54 -> 94500 | E59: =_book!$N$54 -> 0.634 | F59: =_book!$K$54 -> 1.0021413 | G59: =_book!$L$54 -> 1.0119048 | H59: =_book!$M$54 -> 1 | I59: =_book!$O$54 -> 0.64292138 | J59: =_book!$P$54 -> 0.64154762 | K59: =_book!$T$54 -> -0.0021367521 | L59: =_book!$U$54 -> 0.0021413276 | M59: =IF(_book!$V$54=0,"—",_book!$W$54) -> — | N59: =_book!$Y$54 -> 0.64292138 | O59: =IF(_book!$V$54=0,"—",_book!$AA$54) -> — | P59: =_book!$AC$54 -> 1 | Q59: =_book!$AD$54 -> 0
A60: =_book!$A$55 -> Property | B60: =_book!$B$55 -> SBA | C60: =_book!$C$55 -> MN | D60: =_book!$F$55 -> 76500 | E60: =_book!$N$55 -> 0.662 | F60: =_book!$K$55 -> 0.98887515 | G60: =_book!$L$55 -> 1.0083112 | H60: =_book!$M$55 -> 1 | I60: =_book!$O$55 -> 0.66007616 | J60: =_book!$P$55 -> 0.63507457 | K60: =_book!$T$55 -> 0.01125 | L60: =_book!$U$55 -> 0.027194067 | M60: =IF(_book!$V$55=0,"—",_book!$W$55) -> — | N60: =_book!$Y$55 -> 0.66007616 | O60: =IF(_book!$V$55=0,"—",_book!$AA$55) -> — | P60: =_book!$AC$55 -> 0 | Q60: =_book!$AD$55 -> 1
A61: =_book!$A$56 -> Property | B61: =_book!$B$56 -> SBA | C61: =_book!$C$56 -> NM | D61: =_book!$F$56 -> 58500 | E61: =_book!$N$56 -> 0.646 | F61: =_book!$K$56 -> 1.0071259 | G61: =_book!$L$56 -> 1.0131083 | H61: =_book!$M$56 -> 1 | I61: =_book!$O$56 -> 0.65913164 | J61: =_book!$P$56 -> 0.65707612 | K61: =_book!$T$56 -> -0.0070754717 | L61: =_book!$U$56 -> 0.0071258907 | M61: =IF(_book!$V$56=0,"—",_book!$W$56) -> — | N61: =_book!$Y$56 -> 0.65913164 | O61: =IF(_book!$V$56=0,"—",_book!$AA$56) -> — | P61: =_book!$AC$56 -> 1 | Q61: =_book!$AD$56 -> 0
A62: =_book!$A$57 -> Property | B62: =_book!$B$57 -> SBA | C62: =_book!$C$57 -> NC | D62: =_book!$F$57 -> 40500 | E62: =_book!$N$57 -> 0.63 | F62: =_book!$K$57 -> 1.0033472 | G62: =_book!$L$57 -> 1.0095062 | H62: =_book!$M$57 -> 1 | I62: =_book!$O$57 -> 0.63811771 | J62: =_book!$P$57 -> 0.63099745 | K62: =_book!$T$57 -> -0.0033360566 | L62: =_book!$U$57 -> 0.0033472232 | M62: =IF(_book!$V$57=0,"—",_book!$W$57) -> — | N62: =_book!$Y$57 -> 0.63811771 | O62: =IF(_book!$V$57=0,"—",_book!$AA$57) -> — | P62: =_book!$AC$57 -> 1 | Q62: =_book!$AD$57 -> 0
A63: =_book!$A$58 -> Property | B63: =_book!$B$58 -> SBA | C63: =_book!$C$58 -> OH | D63: =_book!$F$58 -> 99000 | E63: =_book!$N$58 -> 0.658 | F63: =_book!$K$58 -> 1 | G63: =_book!$L$58 -> 1.0143147 | H63: =_book!$M$58 -> 1 | I63: =_book!$O$58 -> 0.66741909 | J63: =_book!$P$58 -> 0.67276632 | K63: =_book!$T$58 -> 0 | L63: =_book!$U$58 -> 0 | M63: =IF(_book!$V$58=0,"—",_book!$W$58) -> — | N63: =_book!$Y$58 -> 0.66741909 | O63: =IF(_book!$V$58=0,"—",_book!$AA$58) -> — | P63: =_book!$AC$58 -> 0 | Q63: =_book!$AD$58 -> 0
A64: =_book!$A$59 -> Property | B64: =_book!$B$59 -> SBA | C64: =_book!$C$59 -> PA | D64: =_book!$F$59 -> 81000 | E64: =_book!$N$59 -> 0.642 | F64: =_book!$K$59 -> 1.0073994 | G64: =_book!$L$59 -> 1.0107041 | H64: =_book!$M$59 -> 1 | I64: =_book!$O$59 -> 0.6536733 | J64: =_book!$P$59 -> 0.62554795 | K64: =_book!$T$59 -> -0.0073450855 | L64: =_book!$U$59 -> 0.0408395 | M64: =IF(_book!$V$59=0,"—",_book!$W$59) -> — | N64: =_book!$Y$59 -> 0.6536733 | O64: =IF(_book!$V$59=0,"—",_book!$AA$59) -> — | P64: =_book!$AC$59 -> 1 | Q64: =_book!$AD$59 -> 1
A65: =_book!$A$60 -> Property | B65: =_book!$B$60 -> SBA | C65: =_book!$C$60 -> SC | D65: =_book!$F$60 -> 63000 | E65: =_book!$N$60 -> 0.67 | F65: =_book!$K$60 -> 1.0168124 | G65: =_book!$L$60 -> 1.007119 | H65: =_book!$M$60 -> 1 | I65: =_book!$O$60 -> 0.68611422 | J65: =_book!$P$60 -> 0.66428503 | K65: =_book!$T$60 -> -0.016534392 | L65: =_book!$U$60 -> 0.016812374 | M65: =IF(_book!$V$60=0,"—",_book!$W$60) -> — | N65: =_book!$Y$60 -> 0.68611422 | O65: =IF(_book!$V$60=0,"—",_book!$AA$60) -> — | P65: =_book!$AC$60 -> 1 | Q65: =_book!$AD$60 -> 0
A66: =_book!$A$61 -> Property | B66: =_book!$B$61 -> SBA | C66: =_book!$C$61 -> TN | D66: =_book!$F$61 -> 45000 | E66: =_book!$N$61 -> 0.654 | F66: =_book!$K$61 -> 1 | G66: =_book!$L$61 -> 1.0119048 | H66: =_book!$M$61 -> 1 | I66: =_book!$O$61 -> 0.66178571 | J66: =_book!$P$61 -> 0.66178571 | K66: =_book!$T$61 -> 0 | L66: =_book!$U$61 -> 0 | M66: =IF(_book!$V$61=0,"—",_book!$W$61) -> — | N66: =_book!$Y$61 -> 0.66178571 | O66: =IF(_book!$V$61=0,"—",_book!$AA$61) -> — | P66: =_book!$AC$61 -> 0 | Q66: =_book!$AD$61 -> 0
A67: =_book!$A$62 -> Property | B67: =_book!$B$62 -> SBA | C67: =_book!$C$62 -> VA | D67: =_book!$F$62 -> 103500 | E67: =_book!$N$62 -> 0.638 | F67: =_book!$K$62 -> 1 | G67: =_book!$L$62 -> 1.0083112 | H67: =_book!$M$62 -> 1 | I67: =_book!$O$62 -> 0.64330255 | J67: =_book!$P$62 -> 0.63576768 | K67: =_book!$T$62 -> 0 | L67: =_book!$U$62 -> 0 | M67: =IF(_book!$V$62=0,"—",_book!$W$62) -> — | N67: =_book!$Y$62 -> 0.64330255 | O67: =IF(_book!$V$62=0,"—",_book!$AA$62) -> — | P67: =_book!$AC$62 -> 1 | Q67: =_book!$AD$62 -> 0
A68: =_book!$A$63 -> Property | B68: =_book!$B$63 -> SBA | C68: =_book!$C$63 -> WV | D68: =_book!$F$63 -> 85500 | E68: =_book!$N$63 -> 0.666 | F68: =_book!$K$63 -> 0.98357003 | G68: =_book!$L$63 -> 1.0131083 | H68: =_book!$M$63 -> 1 | I68: =_book!$O$63 -> 0.66364434 | J68: =_book!$P$63 -> 0.65145146 | K68: =_book!$T$63 -> 0.016704423 | L68: =_book!$U$63 -> 0.022776225 | M68: =IF(_book!$V$63=0,"—",_book!$W$63) -> — | N68: =_book!$Y$63 -> 0.66364434 | O68: =IF(_book!$V$63=0,"—",_book!$AA$63) -> — | P68: =_book!$AC$63 -> 1 | Q68: =_book!$AD$63 -> 1
A69: =_book!$A$64 -> Property | B69: =_book!$B$64 -> SBA | C69: =_book!$C$64 -> WI | D69: =_book!$F$64 -> 67500 | E69: =_book!$N$64 -> 0.65 | F69: =_book!$K$64 -> 1 | G69: =_book!$L$64 -> 1.0095062 | H69: =_book!$M$64 -> 1 | I69: =_book!$O$64 -> 0.65617904 | J69: =_book!$P$64 -> 0.65102912 | K69: =_book!$T$64 -> 0 | L69: =_book!$U$64 -> 0 | M69: =IF(_book!$V$64=0,"—",_book!$W$64) -> — | N69: =_book!$Y$64 -> 0.65617904 | O69: =IF(_book!$V$64=0,"—",_book!$AA$64) -> — | P69: =_book!$AC$64 -> 0 | Q69: =_book!$AD$64 -> 0
A70: =_book!$A$65 -> General Liability | B70: =_book!$B$65 -> ABD | C70: =_book!$C$65 -> AZ | D70: =_book!$F$65 -> 28000 | E70: =_book!$N$65 -> 0.65 | F70: =_book!$K$65 -> 0.99306145 | G70: =_book!$L$65 -> 0.98153851 | H70: =_book!$M$65 -> 1 | I70: =_book!$O$65 -> 0.63357324 | J70: =_book!$P$65 -> 0.5948003 | K70: =_book!$T$65 -> 0.0069870283 | L70: =_book!$U$65 -> 0.041162866 | M70: =IF(_book!$V$65=0,"—",_book!$W$65) -> — | N70: =_book!$Y$65 -> 0.63357324 | O70: =IF(_book!$V$65=0,"—",_book!$AA$65) -> — | P70: =_book!$AC$65 -> 2 | Q70: =_book!$AD$65 -> 1
A71: =_book!$A$66 -> General Liability | B71: =_book!$B$66 -> ABD | C71: =_book!$C$66 -> CO | D71: =_book!$F$66 -> 73500 | E71: =_book!$N$66 -> 0.628 | F71: =_book!$K$66 -> 0.98357003 | G71: =_book!$L$66 -> 1.0095665 | H71: =_book!$M$66 -> 1 | I71: =_book!$O$66 -> 0.62359106 | J71: =_book!$P$66 -> 0.60755411 | K71: =_book!$T$66 -> 0.016704423 | L71: =_book!$U$66 -> 0.022776225 | M71: =IF(_book!$V$66=0,"—",_book!$W$66) -> — | N71: =_book!$Y$66 -> 0.62359106 | O71: =IF(_book!$V$66=0,"—",_book!$AA$66) -> — | P71: =_book!$AC$66 -> 1 | Q71: =_book!$AD$66 -> 1
A72: =_book!$A$67 -> General Liability | B72: =_book!$B$67 -> ABD | C72: =_book!$C$67 -> DE | D72: =_book!$F$67 -> 59500 | E72: =_book!$N$67 -> 0.612 | F72: =_book!$K$67 -> 1 | G72: =_book!$L$67 -> 1.0063649 | H72: =_book!$M$67 -> 1 | I72: =_book!$O$67 -> 0.6158953 | J72: =_book!$P$67 -> 0.60732506 | K72: =_book!$T$67 -> 0 | L72: =_book!$U$67 -> 0 | M72: =IF(_book!$V$67=0,"—",_book!$W$67) -> — | N72: =_book!$Y$67 -> 0.6158953 | O72: =IF(_book!$V$67=0,"—",_book!$AA$67) -> — | P72: =_book!$AC$67 -> 0 | Q72: =_book!$AD$67 -> 0
A73: =_book!$A$68 -> General Liability | B73: =_book!$B$68 -> ABD | C73: =_book!$C$68 -> FL | D73: =_book!$F$68 -> 45500 | E73: =_book!$N$68 -> 0.64 | F73: =_book!$K$68 -> 1.0014903 | G73: =_book!$L$68 -> 1 | H73: =_book!$M$68 -> 1 | I73: =_book!$O$68 -> 0.6409538 | J73: =_book!$P$68 -> 0.64 | K73: =_book!$T$68 -> -0.0014880952 | L73: =_book!$U$68 -> 0.001490313 | M73: =IF(_book!$V$68=0,"—",_book!$W$68) -> — | N73: =_book!$Y$68 -> 0.6409538 | O73: =IF(_book!$V$68=0,"—",_book!$AA$68) -> — | P73: =_book!$AC$68 -> 1 | Q73: =_book!$AD$68 -> 0
A74: =_book!$A$69 -> General Liability | B74: =_book!$B$69 -> ABD | C74: =_book!$C$69 -> GA | D74: =_book!$F$69 -> 31500 | E74: =_book!$N$69 -> 0.624 | F74: =_book!$K$69 -> 1.0031546 | G74: =_book!$L$69 -> 1.0074298 | H74: =_book!$M$69 -> 1 | I74: =_book!$O$69 -> 0.6306193 | J74: =_book!$P$69 -> 0.62204577 | K74: =_book!$T$69 -> -0.0031446541 | L74: =_book!$U$69 -> 0.0031545741 | M74: =IF(_book!$V$69=0,"—",_book!$W$69) -> — | N74: =_book!$Y$69 -> 0.6306193 | O74: =IF(_book!$V$69=0,"—",_book!$AA$69) -> — | P74: =_book!$AC$69 -> 1 | Q74: =_book!$AD$69 -> 0
A75: =_book!$A$70 -> General Liability | B75: =_book!$B$70 -> ABD | C75: =_book!$C$70 -> IA | D75: =_book!$F$70 -> 77000 | E75: =_book!$N$70 -> 0.608 | F75: =_book!$K$70 -> 0.99694186 | G75: =_book!$L$70 -> 1.0127829 | H75: =_book!$M$70 -> 1 | I75: =_book!$O$70 -> 0.6138889 | J75: =_book!$P$70 -> 0.5950262 | K75: =_book!$T$70 -> 0.0030675173 | L75: =_book!$U$70 -> 0.033357934 | M75: =IF(_book!$V$70=0,"—",_book!$W$70) -> — | N75: =_book!$Y$70 -> 0.6138889 | O75: =IF(_book!$V$70=0,"—",_book!$AA$70) -> — | P75: =_book!$AC$70 -> 1 | Q75: =_book!$AD$70 -> 1
A76: =_book!$A$71 -> General Liability | B76: =_book!$B$71 -> ABD | C76: =_book!$C$71 -> IL | D76: =_book!$F$71 -> 63000 | E76: =_book!$N$71 -> 0.636 | F76: =_book!$K$71 -> 1.0036541 | G76: =_book!$L$71 -> 1.0084971 | H76: =_book!$M$71 -> 1 | I76: =_book!$O$71 -> 0.64374787 | J76: =_book!$P$71 -> 0.63690081 | K76: =_book!$T$71 -> -0.0036407767 | L76: =_book!$U$71 -> 0.0036540804 | M76: =IF(_book!$V$71=0,"—",_book!$W$71) -> — | N76: =_book!$Y$71 -> 0.64374787 | O76: =IF(_book!$V$71=0,"—",_book!$AA$71) -> — | P76: =_book!$AC$71 -> 1 | Q76: =_book!$AD$71 -> 0
A77: =_book!$A$72 -> General Liability | B77: =_book!$B$72 -> ABD | C77: =_book!$C$72 -> IN | D77: =_book!$F$72 -> 49000 | E77: =_book!$N$72 -> 0.62 | F77: =_book!$K$72 -> 1.0065869 | G77: =_book!$L$72 -> 1.0127886 | H77: =_book!$M$72 -> 1 | I77: =_book!$O$72 -> 0.63206507 | J77: =_book!$P$72 -> 0.63241963 | K77: =_book!$T$72 -> -0.0065438034 | L77: =_book!$U$72 -> 0.0065869068 | M77: =IF(_book!$V$72=0,"—",_book!$W$72) -> — | N77: =_book!$Y$72 -> 0.63206507 | O77: =IF(_book!$V$72=0,"—",_book!$AA$72) -> — | P77: =_book!$AC$72 -> 1 | Q77: =_book!$AD$72 -> 0
A78: =_book!$A$73 -> General Liability | B78: =_book!$B$73 -> ABD | C78: =_book!$C$73 -> KY | D78: =_book!$F$73 -> 35000 | E78: =_book!$N$73 -> 0.604 | F78: =_book!$K$73 -> 1 | G78: =_book!$L$73 -> 1.0095665 | H78: =_book!$M$73 -> 1 | I78: =_book!$O$73 -> 0.60977819 | J78: =_book!$P$73 -> 0.60762774 | K78: =_book!$T$73 -> 0 | L78: =_book!$U$73 -> 0 | M78: =IF(_book!$V$73=0,"—",_book!$W$73) -> — | N78: =_book!$Y$73 -> 0.60977819 | O78: =IF(_book!$V$73=0,"—",_book!$AA$73) -> — | P78: =_book!$AC$73 -> 0 | Q78: =_book!$AD$73 -> 0
A79: =_book!$A$74 -> General Liability | B79: =_book!$B$74 -> ABD | C79: =_book!$C$74 -> MD | D79: =_book!$F$74 -> 80500 | E79: =_book!$N$74 -> 0.632 | F79: =_book!$K$74 -> 1.0148882 | G79: =_book!$L$74 -> 1.0063649 | H79: =_book!$M$74 -> 1 | I79: =_book!$O$74 -> 0.64549184 | J79: =_book!$P$74 -> 0.60964499 | K79: =_book!$T$74 -> -0.014669811 | L79: =_book!$U$74 -> 0.044066255 | M79: =IF(_book!$V$74=0,"—",_book!$W$74) -> — | N79: =_book!$Y$74 -> 0.64549184 | O79: =IF(_book!$V$74=0,"—",_book!$AA$74) -> — | P79: =_book!$AC$74 -> 1 | Q79: =_book!$AD$74 -> 1
A80: =_book!$A$75 -> General Liability | B80: =_book!$B$75 -> ABD | C80: =_book!$C$75 -> MI | D80: =_book!$F$75 -> 66500 | E80: =_book!$N$75 -> 0.616 | F80: =_book!$K$75 -> 1.0068549 | G80: =_book!$L$75 -> 1.0106383 | H80: =_book!$M$75 -> 1 | I80: =_book!$O$75 -> 0.62682076 | J80: =_book!$P$75 -> 0.62255319 | K80: =_book!$T$75 -> -0.0068082789 | L80: =_book!$U$75 -> 0.0068549493 | M80: =IF(_book!$V$75=0,"—",_book!$W$75) -> — | N80: =_book!$Y$75 -> 0.62682076 | O80: =IF(_book!$V$75=0,"—",_book!$AA$75) -> — | P80: =_book!$AC$75 -> 1 | Q80: =_book!$AD$75 -> 0
A81: =_book!$A$76 -> General Liability | B81: =_book!$B$76 -> ABD | C81: =_book!$C$76 -> MN | D81: =_book!$F$76 -> 52500 | E81: =_book!$N$76 -> 0.6 | F81: =_book!$K$76 -> 1 | G81: =_book!$L$76 -> 1.0074298 | H81: =_book!$M$76 -> 1 | I81: =_book!$O$76 -> 0.6044579 | J81: =_book!$P$76 -> 0.59812093 | K81: =_book!$T$76 -> 0 | L81: =_book!$U$76 -> 0 | M81: =IF(_book!$V$76=0,"—",_book!$W$76) -> — | N81: =_book!$Y$76 -> 0.6044579 | O81: =IF(_book!$V$76=0,"—",_book!$AA$76) -> — | P81: =_book!$AC$76 -> 0 | Q81: =_book!$AD$76 -> 0
A82: =_book!$A$77 -> General Liability | B82: =_book!$B$77 -> ABD | C82: =_book!$C$77 -> NM | D82: =_book!$F$77 -> 38500 | E82: =_book!$N$77 -> 0.628 | F82: =_book!$K$77 -> 1 | G82: =_book!$L$77 -> 1.0117123 | H82: =_book!$M$77 -> 1 | I82: =_book!$O$77 -> 0.63535534 | J82: =_book!$P$77 -> 0.63761672 | K82: =_book!$T$77 -> 0 | L82: =_book!$U$77 -> 0 | M82: =IF(_book!$V$77=0,"—",_book!$W$77) -> — | N82: =_book!$Y$77 -> 0.63535534 | O82: =IF(_book!$V$77=0,"—",_book!$AA$77) -> — | P82: =_book!$AC$77 -> 1 | Q82: =_book!$AD$77 -> 0
A83: =_book!$A$78 -> General Liability | B83: =_book!$B$78 -> ABD | C83: =_book!$C$78 -> NC | D83: =_book!$F$78 -> 84000 | E83: =_book!$N$78 -> 0.612 | F83: =_book!$K$78 -> 0.98903687 | G83: =_book!$L$78 -> 1.0084971 | H83: =_book!$M$78 -> 1 | I83: =_book!$O$78 -> 0.61043375 | J83: =_book!$P$78 -> 0.59000415 | K83: =_book!$T$78 -> 0.011084656 | L83: =_book!$U$78 -> 0.027362045 | M83: =IF(_book!$V$78=0,"—",_book!$W$78) -> — | N83: =_book!$Y$78 -> 0.61043375 | O83: =IF(_book!$V$78=0,"—",_book!$AA$78) -> — | P83: =_book!$AC$78 -> 1 | Q83: =_book!$AD$78 -> 1
A84: =_book!$A$79 -> General Liability | B84: =_book!$B$79 -> ABD | C84: =_book!$C$79 -> OH | D84: =_book!$F$79 -> 70000 | E84: =_book!$N$79 -> 0.64 | F84: =_book!$K$79 -> 1 | G84: =_book!$L$79 -> 1.0127886 | H84: =_book!$M$79 -> 1 | I84: =_book!$O$79 -> 0.64818474 | J84: =_book!$P$79 -> 0.65282026 | K84: =_book!$T$79 -> 0 | L84: =_book!$U$79 -> 0 | M84: =IF(_book!$V$79=0,"—",_book!$W$79) -> — | N84: =_book!$Y$79 -> 0.64818474 | O84: =IF(_book!$V$79=0,"—",_book!$AA$79) -> — | P84: =_book!$AC$79 -> 0 | Q84: =_book!$AD$79 -> 0
A85: =_book!$A$80 -> General Liability | B85: =_book!$B$80 -> ABD | C85: =_book!$C$80 -> PA | D85: =_book!$F$80 -> 56000 | E85: =_book!$N$80 -> 0.624 | F85: =_book!$K$80 -> 1.0006131 | G85: =_book!$L$80 -> 1.0095665 | H85: =_book!$M$80 -> 1 | I85: =_book!$O$80 -> 0.63035577 | J85: =_book!$P$80 -> 0.62774787 | K85: =_book!$T$80 -> -0.0006127451 | L85: =_book!$U$80 -> 0.00061312078 | M85: =IF(_book!$V$80=0,"—",_book!$W$80) -> — | N85: =_book!$Y$80 -> 0.63035577 | O85: =IF(_book!$V$80=0,"—",_book!$AA$80) -> — | P85: =_book!$AC$80 -> 1 | Q85: =_book!$AD$80 -> 0
A86: =_book!$A$81 -> General Liability | B86: =_book!$B$81 -> ABD | C86: =_book!$C$81 -> SC | D86: =_book!$F$81 -> 42000 | E86: =_book!$N$81 -> 0.608 | F86: =_book!$K$81 -> 1.0016207 | G86: =_book!$L$81 -> 1.0063649 | H86: =_book!$M$81 -> 1 | I86: =_book!$O$81 -> 0.61286153 | J86: =_book!$P$81 -> 0.60335561 | K86: =_book!$T$81 -> -0.001618123 | L86: =_book!$U$81 -> 0.0016207455 | M86: =IF(_book!$V$81=0,"—",_book!$W$81) -> — | N86: =_book!$Y$81 -> 0.61286153 | O86: =IF(_book!$V$81=0,"—",_book!$AA$81) -> — | P86: =_book!$AC$81 -> 1 | Q86: =_book!$AD$81 -> 0
A87: =_book!$A$82 -> General Liability | B87: =_book!$B$82 -> ABD | C87: =_book!$C$82 -> TN | D87: =_book!$F$82 -> 28000 | E87: =_book!$N$82 -> 0.636 | F87: =_book!$K$82 -> 0.99653979 | G87: =_book!$L$82 -> 1.0106383 | H87: =_book!$M$82 -> 1 | I87: =_book!$O$82 -> 0.64054185 | J87: =_book!$P$82 -> 0.62211519 | K87: =_book!$T$82 -> 0.0034722222 | L87: =_book!$U$82 -> 0.029619377 | M87: =IF(_book!$V$82=0,"—",_book!$W$82) -> — | N87: =_book!$Y$82 -> 0.64054185 | O87: =IF(_book!$V$82=0,"—",_book!$AA$82) -> — | P87: =_book!$AC$82 -> 0 | Q87: =_book!$AD$82 -> 1
A88: =_book!$A$83 -> General Liability | B88: =_book!$B$83 -> ABD | C88: =_book!$C$83 -> VA | D88: =_book!$F$83 -> 73500 | E88: =_book!$N$83 -> 0.62 | F88: =_book!$K$83 -> 1.005988 | G88: =_book!$L$83 -> 1.0074298 | H88: =_book!$M$83 -> 1 | I88: =_book!$O$83 -> 0.62834666 | J88: =_book!$P$83 -> 0.6180583 | K88: =_book!$T$83 -> -0.005952381 | L88: =_book!$U$83 -> 0.005988024 | M88: =IF(_book!$V$83=0,"—",_book!$W$83) -> — | N88: =_book!$Y$83 -> 0.62834666 | O88: =IF(_book!$V$83=0,"—",_book!$AA$83) -> — | P88: =_book!$AC$83 -> 1 | Q88: =_book!$AD$83 -> 0
A89: =_book!$A$84 -> General Liability | B89: =_book!$B$84 -> ABD | C89: =_book!$C$84 -> WV | D89: =_book!$F$84 -> 59500 | E89: =_book!$N$84 -> 0.604 | F89: =_book!$K$84 -> 1.0097242 | G89: =_book!$L$84 -> 1.0117123 | H89: =_book!$M$84 -> 1 | I89: =_book!$O$84 -> 0.61701643 | J89: =_book!$P$84 -> 0.6132492 | K89: =_book!$T$84 -> -0.0096305031 | L89: =_book!$U$84 -> 0.0097241516 | M89: =IF(_book!$V$84=0,"—",_book!$W$84) -> — | N89: =_book!$Y$84 -> 0.61701643 | O89: =IF(_book!$V$84=0,"—",_book!$AA$84) -> — | P89: =_book!$AC$84 -> 1 | Q89: =_book!$AD$84 -> 0
A90: =_book!$A$85 -> General Liability | B90: =_book!$B$85 -> ABD | C90: =_book!$C$85 -> WI | D90: =_book!$F$85 -> 45500 | E90: =_book!$N$85 -> 0.632 | F90: =_book!$K$85 -> 1 | G90: =_book!$L$85 -> 1.0084971 | H90: =_book!$M$85 -> 1 | I90: =_book!$O$85 -> 0.63737014 | J90: =_book!$P$85 -> 0.63289514 | K90: =_book!$T$85 -> 0 | L90: =_book!$U$85 -> 0 | M90: =IF(_book!$V$85=0,"—",_book!$W$85) -> — | N90: =_book!$Y$85 -> 0.63737014 | O90: =IF(_book!$V$85=0,"—",_book!$AA$85) -> — | P90: =_book!$AC$85 -> 0 | Q90: =_book!$AD$85 -> 0
A91: =_book!$A$86 -> General Liability | B91: =_book!$B$86 -> MM | C91: =_book!$C$86 -> AZ | D91: =_book!$F$86 -> 31500 | E91: =_book!$N$86 -> 0.616 | F91: =_book!$K$86 -> 0.99145976 | G91: =_book!$L$86 -> 1.0127886 | H91: =_book!$M$86 -> 1 | I91: =_book!$O$86 -> 0.61854974 | J91: =_book!$P$86 -> 0.60425329 | K91: =_book!$T$86 -> 0.008613808 | L91: =_book!$U$86 -> 0.030980444 | M91: =IF(_book!$V$86=0,"—",_book!$W$86) -> — | N91: =_book!$Y$86 -> 0.61854974 | O91: =IF(_book!$V$86=0,"—",_book!$AA$86) -> — | P91: =_book!$AC$86 -> 1 | Q91: =_book!$AD$86 -> 1
A92: =_book!$A$87 -> General Liability | B92: =_book!$B$87 -> MM | C92: =_book!$C$87 -> CO | D92: =_book!$F$87 -> 77000 | E92: =_book!$N$87 -> 0.648 | F92: =_book!$K$87 -> 1.0135355 | G92: =_book!$L$87 -> 1.0095665 | H92: =_book!$M$87 -> 1 | I92: =_book!$O$87 -> 0.66305401 | J92: =_book!$P$87 -> 0.65841094 | K92: =_book!$T$87 -> -0.013354701 | L92: =_book!$U$87 -> 0.013535463 | M92: =IF(_book!$V$87=0,"—",_book!$W$87) -> — | N92: =_book!$Y$87 -> 0.66305401 | O92: =IF(_book!$V$87=0,"—",_book!$AA$87) -> — | P92: =_book!$AC$87 -> 1 | Q92: =_book!$AD$87 -> 0
A93: =_book!$A$88 -> General Liability | B93: =_book!$B$88 -> MM | C93: =_book!$C$88 -> DE | D93: =_book!$F$88 -> 63000 | E93: =_book!$N$88 -> 0.628 | F93: =_book!$K$88 -> 0.99554699 | G93: =_book!$L$88 -> 0.99948651 | H93: =_book!$M$88 -> 1.02 | I93: =_book!$O$88 -> 0.63738012 | J93: =_book!$P$88 -> 0.60616321 | K93: =_book!$T$88 -> 0.0044729263 | L93: =_book!$U$88 -> 0.023332655 | M93: =IF(_book!$V$88=0,"—",_book!$W$88) -> — | N93: =_book!$Y$88 -> 0.63738012 | O93: =IF(_book!$V$88=0,"—",_book!$AA$88) -> — | P93: =_book!$AC$88 -> 1 | Q93: =_book!$AD$88 -> 1
A94: =_book!$A$89 -> General Liability | B94: =_book!$B$89 -> MM | C94: =_book!$C$89 -> FL | D94: =_book!$F$89 -> 49000 | E94: =_book!$N$89 -> 0.612 | F94: =_book!$K$89 -> 1.0041841 | G94: =_book!$L$89 -> 1.0106383 | H94: =_book!$M$89 -> 1 | I94: =_book!$O$89 -> 0.62109855 | J94: =_book!$P$89 -> 0.59055758 | K94: =_book!$T$89 -> -0.0041666667 | L94: =_book!$U$89 -> 0.051715481 | M94: =IF(_book!$V$89=0,"—",_book!$W$89) -> — | N94: =_book!$Y$89 -> 0.62109855 | O94: =IF(_book!$V$89=0,"—",_book!$AA$89) -> — | P94: =_book!$AC$89 -> 1 | Q94: =_book!$AD$89 -> 1
A95: =_book!$A$90 -> General Liability | B95: =_book!$B$90 -> MM | C95: =_book!$C$90 -> GA | D95: =_book!$F$90 -> 35000 | E95: =_book!$N$90 -> 0.64 | F95: =_book!$K$90 -> 0.99330762 | G95: =_book!$L$90 -> 1.0074298 | H95: =_book!$M$90 -> 1 | I95: =_book!$O$90 -> 0.64044015 | J95: =_book!$P$90 -> 0.61551236 | K95: =_book!$T$90 -> 0.0067374728 | L95: =_book!$U$90 -> 0.029590937 | M95: =IF(_book!$V$90=0,"—",_book!$W$90) -> — | N95: =_book!$Y$90 -> 0.64044015 | O95: =IF(_book!$V$90=0,"—",_book!$AA$90) -> — | P95: =_book!$AC$90 -> 1 | Q95: =_book!$AD$90 -> 1
A96: =_book!$A$91 -> General Liability | B96: =_book!$B$91 -> MM | C96: =_book!$C$91 -> IA | D96: =_book!$F$91 -> 80500 | E96: =_book!$N$91 -> 0.624 | F96: =_book!$K$91 -> 1 | G96: =_book!$L$91 -> 1.0117123 | H96: =_book!$M$91 -> 1 | I96: =_book!$O$91 -> 0.63130849 | J96: =_book!$P$91 -> 0.63355547 | K96: =_book!$T$91 -> 0 | L96: =_book!$U$91 -> 0 | M96: =IF(_book!$V$91=0,"—",_book!$W$91) -> — | N96: =_book!$Y$91 -> 0.63130849 | O96: =IF(_book!$V$91=0,"—",_book!$AA$91) -> — | P96: =_book!$AC$91 -> 0 | Q96: =_book!$AD$91 -> 0
A97: =_book!$A$92 -> General Liability | B97: =_book!$B$92 -> MM | C97: =_book!$C$92 -> IL | D97: =_book!$F$92 -> 66500 | E97: =_book!$N$92 -> 0.608 | F97: =_book!$K$92 -> 1.0012034 | G97: =_book!$L$92 -> 1.0084971 | H97: =_book!$M$92 -> 1 | I97: =_book!$O$92 -> 0.61390408 | J97: =_book!$P$92 -> 0.60886115 | K97: =_book!$T$92 -> -0.0012019231 | L97: =_book!$U$92 -> 0.0012033694 | M97: =IF(_book!$V$92=0,"—",_book!$W$92) -> — | N97: =_book!$Y$92 -> 0.61390408 | O97: =IF(_book!$V$92=0,"—",_book!$AA$92) -> — | P97: =_book!$AC$92 -> 1 | Q97: =_book!$AD$92 -> 0
A98: =_book!$A$93 -> General Liability | B98: =_book!$B$93 -> MM | C98: =_book!$C$93 -> IN | D98: =_book!$F$93 -> 52500 | E98: =_book!$N$93 -> 0.636 | F98: =_book!$K$93 -> 1.0026525 | G98: =_book!$L$93 -> 1.0127886 | H98: =_book!$M$93 -> 1 | I98: =_book!$O$93 -> 0.64584216 | J98: =_book!$P$93 -> 0.64874013 | K98: =_book!$T$93 -> -0.0026455026 | L98: =_book!$U$93 -> 0.0026525199 | M98: =IF(_book!$V$93=0,"—",_book!$W$93) -> — | N98: =_book!$Y$93 -> 0.64584216 | O98: =IF(_book!$V$93=0,"—",_book!$AA$93) -> — | P98: =_book!$AC$93 -> 1 | Q98: =_book!$AD$93 -> 0
A99: =_book!$A$94 -> General Liability | B99: =_book!$B$94 -> MM | C99: =_book!$C$94 -> KY | D99: =_book!$F$94 -> 38500 | E99: =_book!$N$94 -> 0.62 | F99: =_book!$K$94 -> 0.99875156 | G99: =_book!$L$94 -> 1.0095665 | H99: =_book!$M$94 -> 1 | I99: =_book!$O$94 -> 0.62514982 | J99: =_book!$P$94 -> 0.60629292 | K99: =_book!$T$94 -> 0.00125 | L99: =_book!$U$94 -> 0.027465668 | M99: =IF(_book!$V$94=0,"—",_book!$W$94) -> — | N99: =_book!$Y$94 -> 0.62514982 | O99: =IF(_book!$V$94=0,"—",_book!$AA$94) -> — | P99: =_book!$AC$94 -> 0 | Q99: =_book!$AD$94 -> 1
A100: =_book!$A$95 -> General Liability | B100: =_book!$B$95 -> MM | C100: =_book!$C$95 -> MD | D100: =_book!$F$95 -> 84000 | E100: =_book!$N$95 -> 0.604 | F100: =_book!$K$95 -> 1.002457 | G100: =_book!$L$95 -> 1.0063649 | H100: =_book!$M$95 -> 1 | I100: =_book!$O$95 -> 0.60933786 | J100: =_book!$P$95 -> 0.59938617 | K100: =_book!$T$95 -> -0.0024509804 | L100: =_book!$U$95 -> 0.0024570025 | M100: =IF(_book!$V$95=0,"—",_book!$W$95) -> — | N100: =_book!$Y$95 -> 0.60933786 | O100: =IF(_book!$V$95=0,"—",_book!$AA$95) -> — | P100: =_book!$AC$95 -> 1 | Q100: =_book!$AD$95 -> 0
A101: =_book!$A$96 -> General Liability | B101: =_book!$B$96 -> MM | C101: =_book!$C$96 -> MI | D101: =_book!$F$96 -> 70000 | E101: =_book!$N$96 -> 0.632 | F101: =_book!$K$96 -> 1.0049802 | G101: =_book!$L$96 -> 1.0106383 | H101: =_book!$M$96 -> 1 | I101: =_book!$O$96 -> 0.64190436 | J101: =_book!$P$96 -> 0.6387234 | K101: =_book!$T$96 -> -0.0049555016 | L101: =_book!$U$96 -> 0.0049801809 | M101: =IF(_book!$V$96=0,"—",_book!$W$96) -> — | N101: =_book!$Y$96 -> 0.64190436 | O101: =IF(_book!$V$96=0,"—",_book!$AA$96) -> — | P101: =_book!$AC$96 -> 1 | Q101: =_book!$AD$96 -> 0
A102: =_book!$A$97 -> General Liability | B102: =_book!$B$97 -> MM | C102: =_book!$C$97 -> MN | D102: =_book!$F$97 -> 56000 | E102: =_book!$N$97 -> 0.616 | F102: =_book!$K$97 -> 1 | G102: =_book!$L$97 -> 1.0074298 | H102: =_book!$M$97 -> 1 | I102: =_book!$O$97 -> 0.62057678 | J102: =_book!$P$97 -> 0.61407083 | K102: =_book!$T$97 -> 0 | L102: =_book!$U$97 -> 0 | M102: =IF(_book!$V$97=0,"—",_book!$W$97) -> — | N102: =_book!$Y$97 -> 0.62057678 | O102: =IF(_book!$V$97=0,"—",_book!$AA$97) -> — | P102: =_book!$AC$97 -> 0 | Q102: =_book!$AD$97 -> 0
...

Sheet Roll-ups
A1: Roll-ups — the book cut three ways
A2: Each table applies the OTHER two Control filters, never its own, so a roll-up always shows every member of its own dimension. Totals are adjusted-EP weighted; the mix line is the honest residual, because factor averages do not compound across a mixed book.
A3: Go to: | C3: =HYPERLINK("#Control!A1","Control") -> Control | E3: =HYPERLINK("#'State Summary'!A1","State Summary") -> State Summary | G3: =HYPERLINK("#Portfolio!A1","Portfolio") -> Portfolio | I3: =HYPERLINK("#'Program Flow'!A1","Program Flow") -> Program Flow | K3: =HYPERLINK("#Checks!A1","Checks") -> Checks
A5: By line of business
B6: Combos | C6: Adj plan EP | D6: Projected LR | E6: Rate earn-in | F6: Mod drift | G6: CY 2027 plan LR | H6: CY 2028 plan LR | I6: Plan LR (program) | J6: Program vs asserted (pts) | K6: Net combos
A7: Property | B7: =COUNTIFS(_book!$D$2:$D$379,"?*",_book!$A$2:$A$379,$A7,_book!$B$2:$B$379,bkc_bu,_book!$C$2:$C$379,bkc_state) -> 63 | C7: =SUMIFS(_book!$F$2:$F$379,_book!$A$2:$A$379,$A7,_book!$B$2:$B$379,bkc_bu,_book!$C$2:$C$379,bkc_state) -> 4522500 | D7: =IF(SUMIFS(_book!$F$2:$F$379,_book!$A$2:$A$379,$A7,_book!$B$2:$B$379,bkc_bu,_book!$C$2:$C$379,bkc_state)=0,"—",SUMIFS(_book!$AN$2:$AN$379,_book!$A$2:$A$379,$A7,_book!$B$2:$B$379,bkc_bu,_book!$C$2:$C$379,bkc_state)/SUMIFS(_book!$F$2:$F$379,_book!$A$2:$A$379,$A7,_book!$B$2:$B$379,bkc_bu,_book!$C$2:$C$379,bkc_state)) -> 0.65139781 | E7: =IF(SUMIFS(_book!$F$2:$F$379,_book!$A$2:$A$379,$A7,_book!$B$2:$B$379,bkc_bu,_book!$C$2:$C$379,bkc_state)=0,"—",SUMIFS(_book!$AK$2:$AK$379,_book!$A$2:$A$379,$A7,_book!$B$2:$B$379,bkc_bu,_book!$C$2:$C$379,bkc_state)/SUMIFS(_book!$F$2:$F$379,_book!$A$2:$A$379,$A7,_book!$B$2:$B$379,bkc_bu,_book!$C$2:$C$379,bkc_state)) -> 0.99902681 | F7: =IF(SUMIFS(_book!$F$2:$F$379,_book!$A$2:$A$379,$A7,_book!$B$2:$B$379,bkc_bu,_book!$C$2:$C$379,bkc_state)=0,"—",SUMIFS(_book!$AL$2:$AL$379,_book!$A$2:$A$379,$A7,_book!$B$2:$B$379,bkc_bu,_book!$C$2:$C$379,bkc_state)/SUMIFS(_book!$F$2:$F$379,_book!$A$2:$A$379,$A7,_book!$B$2:$B$379,bkc_bu,_book!$C$2:$C$379,bkc_state)) -> 1.0099537 | G7: =IF(SUMIFS(_book!$F$2:$F$379,_book!$A$2:$A$379,$A7,_book!$B$2:$B$379,bkc_bu,_book!$C$2:$C$379,bkc_state)=0,"—",SUMIFS(_book!$AO$2:$AO$379,_book!$A$2:$A$379,$A7,_book!$B$2:$B$379,bkc_bu,_book!$C$2:$C$379,bkc_state)/SUMIFS(_book!$F$2:$F$379,_book!$A$2:$A$379,$A7,_book!$B$2:$B$379,bkc_bu,_book!$C$2:$C$379,bkc_state)) -> 0.65747799 | H7: =IF(SUMIFS(_book!$F$2:$F$379,_book!$A$2:$A$379,$A7,_book!$B$2:$B$379,bkc_bu,_book!$C$2:$C$379,bkc_state)=0,"—",SUMIFS(_book!$AP$2:$AP$379,_book!$A$2:$A$379,$A7,_book!$B$2:$B$379,bkc_bu,_book!$C$2:$C$379,bkc_state)/SUMIFS(_book!$F$2:$F$379,_book!$A$2:$A$379,$A7,_book!$B$2:$B$379,bkc_bu,_book!$C$2:$C$379,bkc_state)) -> 0.64671185 | I7: =IF(SUMIFS(_book!$F$2:$F$379,_book!$A$2:$A$379,$A7,_book!$B$2:$B$379,bkc_bu,_book!$C$2:$C$379,bkc_state)=0,"—",SUMIFS(_book!$AT$2:$AT$379,_book!$A$2:$A$379,$A7,_book!$B$2:$B$379,bkc_bu,_book!$C$2:$C$379,bkc_state)/SUMIFS(_book!$F$2:$F$379,_book!$A$2:$A$379,$A7,_book!$B$2:$B$379,bkc_bu,_book!$C$2:$C$379,bkc_state)) -> 0.65739863 | J7: =IF(SUMIFS(_book!$V$2:$V$379,_book!$A$2:$A$379,$A7,_book!$B$2:$B$379,bkc_bu,_book!$C$2:$C$379,bkc_state)=0,"—",($I7-$G7)*100) -> -0.0079359643 | K7: =SUMIFS(_book!$V$2:$V$379,_book!$A$2:$A$379,$A7,_book!$B$2:$B$379,bkc_bu,_book!$C$2:$C$379,bkc_state) -> 1
